0.0416428,0.475988
0.0448011,0.475211
0.0474285,0.546401
0.0497958,0.481519
0.0533606,0.465545
0.0542684,0.480831
0.0549552,0.531832
0.0559359,0.454246
0.0564027,0.458527
0.0567624,0.445325
0.0571893,0.528094
0.0574503,0.527035
0.0588469,0.522357
0.0626945,0.488691
0.067547,0.469464
0.0690358,0.468557
0.070813,0.482936
0.0710905,0.472563
0.0735275,0.50205
0.074495,0.557124
0.075006,0.445846
0.0757217,0.436556
0.0846049,0.428657
0.0846906,0.568385
0.0847579,0.522102
0.0858991,0.440112
0.0861714,0.42337
0.0866267,0.562438
0.0869099,0.450089
0.0870151,0.485989
0.087186,0.520711
0.0884226,0.448552
0.0920691,0.50187
0.0946581,0.569662
0.0948386,0.499951
0.0960485,0.544238
0.0961018,0.429211
0.0973185,0.481592
0.0975428,0.594597
0.0985482,0.411329
0.100737,0.598028
0.100927,0.560134
0.106889,0.602959
0.107773,0.552225
0.107874,0.434975
0.108068,0.549898
0.108733,0.588288
0.109155,0.585905
0.110519,0.577644
0.110859,0.568523
0.111703,0.568349
0.111738,0.448273
0.111901,0.414608
0.113678,0.552975
0.114283,0.543267
0.116768,0.541279
0.117835,0.529484
0.117861,0.409431
0.118178,0.520901
0.119374,0.39045
0.120379,0.390063
0.12159,0.507691
0.123198,0.617794
0.124983,0.388936
0.125106,0.418997
0.128057,0.444028
0.129136,0.605865
0.130066,0.406288
0.131363,0.417074
0.131796,0.372201
0.133875,0.490846
0.134401,0.628678
0.138299,0.585646
0.138443,0.394575
0.139891,0.628061
0.140039,0.553595
0.14019,0.403277
0.141386,0.615026
0.141433,0.534382
0.1417,0.488209
0.142535,0.545497
0.143792,0.499081
0.145578,0.558089
0.146351,0.535926
0.14677,0.393275
0.147409,0.465134
0.147981,0.524723
0.149122,0.383951
0.150271,0.399758
0.150734,0.497147
0.151297,0.59294
0.151572,0.402753
0.151764,0.478435
0.152861,0.580517
0.15288,0.381774
0.153085,0.477294
0.153787,0.378117
0.155961,0.520764
0.15737,0.520063
0.157629,0.439441
0.158675,0.562189
0.158895,0.354663
0.159568,0.484826
0.16035,0.63483
0.160977,0.562025
0.161332,0.536368
0.161835,0.660646
0.161903,0.640616
0.162078,0.512087
0.165306,0.658567
0.165636,0.353114
0.16655,0.463092
0.167302,0.634457
0.168305,0.438847
0.168883,0.508623
0.16995,0.332912
0.170481,0.380363
0.170507,0.337871
0.171015,0.625008
0.171555,0.657056
0.172709,0.624332
0.172822,0.330494
0.173166,0.602862
0.173173,0.49851
0.173546,0.494628
0.176757,0.577033
0.177499,0.565111
0.178875,0.459145
0.179306,0.543826
0.182303,0.505506
0.18312,0.32404
0.183877,0.322672
0.184426,0.481636
0.184537,0.478854
0.185393,0.657988
0.185876,0.4125
0.185996,0.677706
0.186038,0.492972
0.18725,0.319994
0.187823,0.413637
0.18805,0.437555
0.188966,0.675182
0.189443,0.622458
0.189562,0.463405
0.189606,0.684968
0.189822,0.559873
0.189865,0.434437
0.191074,0.621023
0.191451,0.615962
0.191749,0.611237
0.192838,0.374426
0.192858,0.433351
0.194268,0.360264
0.19599,0.35607
0.196108,0.316217
0.196634,0.305129
0.19765,0.555158
0.198478,0.55234
0.198621,0.544673
0.199622,0.405766
0.199684,0.353035
0.200011,0.655395
0.2012,0.405749
0.202166,0.528687
0.202276,0.46232
0.204379,0.387295
0.204795,0.525523
0.204997,0.604466
0.207134,0.293057
0.207288,0.428795
0.207858,0.340048
0.208026,0.480998
0.20866,0.544127
0.210097,0.487977
0.210825,0.483275
0.21159,0.476535
0.212603,0.708026
0.212986,0.512317
0.213165,0.498921
0.213541,0.355006
0.213698,0.574696
0.214203,0.320482
0.214952,0.616362
0.215968,0.61478
0.217456,0.596402
0.217789,0.475882
0.217915,0.319591
0.217955,0.304098
0.218122,0.341251
0.218868,0.55203
0.218897,0.715046
0.219157,0.711199
0.219183,0.682684
0.219336,0.303166
0.219606,0.469235
0.219636,0.411005
0.22149,0.68654
0.22313,0.692176
0.223279,0.675925
0.223419,0.703659
0.223599,0.353429
0.22442,0.627886
0.224819,0.419356
0.225073,0.409695
0.225389,0.715046
0.225896,0.68897
0.227724,0.675825
0.229471,0.511138
0.230469,0.631414
0.231008,0.684718
0.231553,0.496459
0.231673,0.432483
0.232425,0.711134
0.232511,0.29827
0.232535,0.333152
0.232565,0.659694
0.232646,0.546349
0.232764,0.385701
0.2328,0.403511
0.233401,0.5434
0.234119,0.698077
0.235848,0.581519
0.236462,0.333955
0.238219,0.542084
0.238858,0.466887
0.239667,0.631319
0.240244,0.576486
0.240257,0.330586
0.240276,0.285929
0.240705,0.372528
0.240933,0.574702
0.240938,0.449878
0.241229,0.515637
0.241723,0.573071
0.241849,0.329134
0.242063,0.32189
0.242139,0.5694
0.243418,0.613201
0.243467,0.684439
0.243839,0.642462
0.244022,0.610357
0.245264,0.599927
0.245401,0.486032
0.246363,0.473524
0.24686,0.352136
0.247457,0.659384
0.247848,0.415207
0.248399,0.594458
0.248542,0.396023
0.249825,0.509439
0.249959,0.41435
0.250857,0.458849
0.250976,0.319283
0.25157,0.34739
0.252079,0.277963
0.252483,0.533112
0.252764,0.680985
0.252999,0.412927
0.253035,0.506518
0.253344,0.34675
0.25336,0.266554
0.253563,0.52705
0.255299,0.260809
0.255451,0.46503
0.255504,0.561375
0.255921,0.700212
0.255979,0.655346
0.256195,0.503042
0.257012,0.341424
0.258369,0.568927
0.258855,0.290263
0.258971,0.39731
0.259161,0.440801
0.259316,0.490028
0.260194,0.439197
0.260996,0.310122
0.261189,0.589236
0.261779,0.501188
0.262044,0.650332
0.262497,0.368486
0.262504,0.460468
0.262763,0.4283
0.2636,0.452417
0.264026,0.272433
0.264046,0.304451
0.265098,0.447498
0.265546,0.438808
0.265554,0.377553
0.268205,0.365177
0.268485,0.253517
0.269497,0.352908
0.2698,0.584662
0.271457,0.763771
0.271614,0.654273
0.272489,0.762455
0.272998,0.279986
0.274805,0.34552
0.274869,0.509649
0.276919,0.532845
0.277989,0.531053
0.278057,0.726556
0.278588,0.453463
0.279471,0.42733
0.280159,0.778776
0.280822,0.279478
0.284495,0.340015
0.285047,0.414006
0.28522,0.278498
0.285463,0.699522
0.287149,0.427077
0.287597,0.246611
0.287715,0.436292
0.288336,0.241801
0.289602,0.270962
0.289919,0.58129
0.291662,0.390559
0.29241,0.746629
0.292926,0.628352
0.293238,0.723149
0.293633,0.359273
0.294175,0.644671
0.294486,0.458507
0.294592,0.432046
0.29499,0.730682
0.295423,0.385583
0.296072,0.416375
0.296347,0.37209
0.297951,0.626574
0.298615,0.351121
0.298619,0.767936
0.298648,0.787369
0.29886,0.609162
0.300352,0.371323
0.300707,0.724047
0.301644,0.267351
0.303144,0.710377
0.303731,0.345971
0.303781,0.337399
0.304292,0.761489
0.305812,0.379695
0.305894,0.689649
0.306549,0.26699
0.307796,0.674313
0.30802,0.336795
0.30924,0.657771
0.310098,0.336079
0.310913,0.473833
0.310995,0.392699
0.311577,0.200373
0.311958,0.43413
0.312367,0.274989
0.313228,0.472594
0.313895,0.292005
0.313944,0.3352
0.314044,0.604793
0.314393,0.696633
0.314572,0.522336
0.316555,0.194231
0.317027,0.381988
0.317798,0.49659
0.317989,0.528959
0.318082,0.327065
0.318343,0.193791
0.318494,0.803447
0.318594,0.678359
0.318626,0.523739
0.318886,0.801664
0.319275,0.471821
0.319595,0.819444
0.319666,0.654416
0.320735,0.55668
0.321119,0.796195
0.322722,0.633049
0.323323,0.554664
0.324102,0.283707
0.324122,0.548904
0.324166,0.724737
0.324257,0.315829
0.32492,0.314588
0.325019,0.312268
0.325955,0.715655
0.326404,0.520199
0.327585,0.818145
0.327662,0.256491
0.327674,0.646738
0.327893,0.253088
0.328771,0.694717
0.329741,0.310542
0.329958,0.22596
0.330047,0.360712
0.330191,0.216635
0.330601,0.633898
0.330716,0.181436
0.331302,0.517076
0.331361,0.308373
0.331566,0.768565
0.33167,0.76296
0.331892,0.446029
0.332482,0.825382
0.33253,0.504917
0.332591,0.272191
0.332614,0.81471
0.333146,0.621674
0.333584,0.558704
0.333595,0.30026
0.334106,0.815828
0.33476,0.660627
0.335046,0.169946
0.335091,0.545194
0.335273,0.829537
0.335289,0.79278
0.335855,0.805231
0.337002,0.293562
0.337571,0.709077
0.33764,0.628996
0.338356,0.175098
0.338659,0.601926
0.339297,0.264151
0.340425,0.655047
0.34059,0.252389
0.341196,0.671019
0.341441,0.700552
0.341548,0.646445
0.34219,0.803309
0.342203,0.785374
0.342618,0.746833
0.342766,0.67077
0.342861,0.172881
0.343073,0.77562
0.343245,0.532525
0.343839,0.160335
0.343888,0.239009
0.34396,0.25063
0.344241,0.28178
0.34508,0.242337
0.345313,0.541133
0.345872,0.669094
0.345973,0.533012
0.347003,0.520541
0.347396,0.302051
0.347858,0.634588
0.348009,0.519019
0.348703,0.338394
0.348937,0.168639
0.349321,0.602455
0.349711,0.363925
0.349747,0.286914
0.350301,0.338
0.351233,0.357266
0.352202,0.661896
0.353147,0.695129
0.353724,0.544451
0.354064,0.285039
0.354065,0.658539
0.354494,0.654588
0.35528,0.298399
0.356965,0.2226
0.357011,0.501443
0.357202,0.691784
0.357363,0.68861
0.357366,0.284054
0.357535,0.757207
0.357975,0.264663
0.35803,0.60166
0.359499,0.808335
0.359756,0.425417
0.359889,0.346667
0.360304,0.294885
0.360348,0.736611
0.36053,0.20314
0.360737,0.289049
0.361024,0.345324
0.361672,0.587589
0.361861,0.599448
0.362163,0.851882
0.362232,0.374035
0.362308,0.267446
0.362334,0.1685
0.362536,0.685762
0.362553,0.510696
0.363258,0.680163
0.363353,0.796264
0.363788,0.720163
0.363888,0.242939
0.364244,0.25856
0.365218,0.780223
0.365403,0.361704
0.365815,0.150773
0.365947,0.717254
0.366287,0.252245
0.366306,0.790848
0.366533,0.827868
0.366864,0.288906
0.367173,0.715621
0.367289,0.629858
0.367471,0.679061
0.367649,0.673349
0.367749,0.399618
0.36845,0.757052
0.368604,0.229469
0.368609,0.281442
0.368636,0.771316
0.368897,0.148442
0.368982,0.408679
0.370045,0.770538
0.370461,0.399222
0.370616,0.758747
0.370661,0.650605
0.37067,0.357761
0.370716,0.64931
0.371223,0.166419
0.37147,0.866448
0.371754,0.840859
0.371916,0.198373
0.372397,0.712189
0.37258,0.67265
0.373156,0.865913
0.373966,0.561537
0.374162,0.322591
0.374302,0.753953
0.374326,0.664532
0.374422,0.686301
0.374952,0.233762
0.375803,0.222105
0.375845,0.393422
0.376501,0.560127
0.376577,0.379574
0.376816,0.337662
0.378144,0.271757
0.378476,0.8201
0.378483,0.586252
0.378755,0.327998
0.379243,0.801342
0.379273,0.313337
0.380933,0.657947
0.381866,0.156855
0.38217,0.544512
0.38224,0.316865
0.383136,0.177795
0.383655,0.719058
0.38487,0.344712
0.385413,0.296312
0.386588,0.312066
0.386867,0.169235
0.387113,0.282139
0.38716,0.249902
0.387464,0.839465
0.388121,0.657562
0.38866,0.758632
0.389415,0.28205
0.389447,0.124446
0.390576,0.376818
0.39071,0.114839
0.391314,0.152638
0.391477,0.542514
0.39185,0.344589
0.392863,0.826634
0.39339,0.463639
0.393539,0.195535
0.393567,0.229559
0.393614,0.718945
0.393708,0.292711
0.393711,0.629466
0.394079,0.46106
0.39434,0.290503
0.394532,0.339303
0.394549,0.861014
0.395047,0.164769
0.395666,0.241374
0.395952,0.191617
0.395994,0.240911
0.396025,0.868167
0.396707,0.657147
0.396712,0.58081
0.397048,0.181547
0.397453,0.650166
0.397583,0.401561
0.397668,0.716554
0.3977,0.621331
0.398356,0.744931
0.398826,0.859398
0.398951,0.855914
0.399746,0.711422
0.39985,0.852874
0.399884,0.635676
0.400528,0.761225
0.400906,0.649139
0.400979,0.621312
0.401047,0.81984
0.401179,0.288888
0.402785,0.389662
0.402935,0.603132
0.403135,0.793465
0.403333,0.209433
0.404712,0.645311
0.405119,0.557248
0.406235,0.627023
0.406308,0.563912
0.406455,0.134439
0.40669,0.181412
0.40724,0.691734
0.40742,0.722552
0.407449,0.660607
0.407686,0.832179
0.407712,0.759634
0.408273,0.647663
0.408568,0.622646
0.409261,0.213103
0.409396,0.44292
0.409787,0.645314
0.409906,0.374781
0.410156,0.454167
0.410689,0.7117
0.411407,0.389349
0.412566,0.757579
0.412567,0.687343
0.412636,0.279361
0.412974,0.659771
0.413056,0.449876
0.413061,0.293223
0.413063,0.514285
0.413139,0.557884
0.413233,0.285227
0.413249,0.16135
0.413694,0.17821
0.414417,0.0987094
0.415322,0.391013
0.415435,0.804568
0.415595,0.374211
0.415603,0.509632
0.415611,0.915161
0.415811,0.431608
0.416198,0.361595
0.416242,0.82857
0.416757,0.176909
0.416829,0.811263
0.417513,0.386063
0.418207,0.911961
0.41855,0.228754
0.418694,0.262389
0.420369,0.0844856
0.420435,0.76575
0.420765,0.745253
0.422467,0.103542
0.42319,0.377526
0.423581,0.210493
0.423832,0.491619
0.424207,0.374859
0.424364,0.318515
0.424666,0.701545
0.425279,0.447885
0.425745,0.207492
0.427153,0.642693
0.427333,0.826346
0.427395,0.548554
0.427739,0.206497
0.428072,0.634785
0.428079,0.169326
0.428249,0.535287
0.428485,0.520141
0.429484,0.719827
0.429784,0.544066
0.429925,0.793498
0.430168,0.701316
0.430668,0.415817
0.432394,0.784459
0.432509,0.92905
0.432695,0.700439
0.433015,0.170657
0.433401,0.761555
0.433482,0.168918
0.433759,0.391971
0.433791,0.445277
0.434275,0.73321
0.434425,0.161773
0.434429,0.633469
0.435781,0.282545
0.435998,0.92097
0.437223,0.883667
0.437547,0.78275
0.437726,0.601644
0.437987,0.140448
0.438159,0.126623
0.438275,0.248299
0.438586,0.399929
0.438609,0.732035
0.439077,0.157106
0.439277,0.776024
0.439558,0.565829
0.43974,0.601052
0.440302,0.262223
0.440507,0.25851
0.441419,0.695986
0.44152,0.269357
0.441769,0.0869589
0.442722,0.154824
0.442863,0.269125
0.443017,0.332949
0.443206,0.936036
0.443207,0.125996
0.443418,0.442597
0.443586,0.0855871
0.44392,0.441787
0.444226,0.0610202
0.444359,0.524717
0.445268,0.522958
0.445688,0.595666
0.446178,0.390245
0.44684,0.748509
0.44695,0.878606
0.447516,0.386378
0.448362,0.245235
0.448411,0.518234
0.448429,0.118509
0.448531,0.591525
0.448654,0.790243
0.448975,0.56094
0.449677,0.220975
0.449738,0.0597685
0.450054,0.34241
0.450367,0.680031
0.450584,0.509791
0.450688,0.451222
0.450944,0.079878
0.451214,0.44537
0.45131,0.445122
0.451376,0.0731064
0.451478,0.267667
0.451847,0.154166
0.452269,0.39431
0.452652,0.440125
0.452856,0.660194
0.453033,0.871011
0.453375,0.847823
0.453391,0.916166
0.45342,0.658049
0.454003,0.0623862
0.454154,0.95044
0.454378,0.55601
0.454971,0.511254
0.455154,0.786163
0.455697,0.143565
0.456471,0.14872
0.456518,0.91243
0.456567,0.16625
0.456896,0.947258
0.456979,0.727782
0.457321,0.141704
0.457401,0.347063
0.457873,0.72039
0.457891,0.215779
0.458588,0.652268
0.458783,0.495748
0.458997,0.39071
0.459321,0.0433389
0.459425,0.744019
0.459866,0.782069
0.460338,0.598452
0.460512,0.163418
0.461605,0.116158
0.461948,0.385844
0.462887,0.84349
0.462952,0.49638
0.463326,0.14731
0.463524,0.224401
0.463544,0.961761
0.46405,0.824432
0.464269,0.763219
0.464643,0.275978
0.464805,0.520241
0.464907,0.715966
0.46504,0.566802
0.465091,0.114739
0.465716,0.19548
0.466102,0.160398
0.466377,0.918384
0.46677,0.239739
0.467199,0.946771
0.467591,0.482843
0.467623,0.266166
0.46844,0.126872
0.468732,0.489471
0.468752,0.893656
0.468758,0.55453
0.469075,0.912029
0.469114,0.394918
0.469141,0.598391
0.469322,0.830336
0.469519,0.593257
0.469817,0.548113
0.469875,0.583936
0.471498,0.401111
0.471652,0.852586
0.471904,0.375293
0.472537,0.0709863
0.472542,0.121088
0.473124,0.579914
0.473589,0.047398
0.473856,0.850607
0.474089,0.571648
0.474373,0.794794
0.474769,0.958254
0.475096,0.472076
0.475201,0.10304
0.475257,0.825098
0.475415,0.408077
0.476108,0.614522
0.476326,0.881337
0.477211,0.537342
0.477276,0.456585
0.477529,0.289336
0.47762,0.145376
0.477648,0.284043
0.477949,0.0466259
0.47846,0.0517209
0.478715,0.116512
0.479279,0.136289
0.4794,0.356154
0.479464,0.824188
0.479958,0.476611
0.480008,0.505797
0.480444,0.44844
0.48045,0.957031
0.480565,0.694135
0.480707,0.693864
0.480914,0.0770458
0.481483,0.977399
0.481608,0.658851
0.482228,0.350447
0.482534,0.445787
0.482846,0.821225
0.482863,0.847208
0.48291,0.443074
0.483116,0.607918
0.483332,0.261617
0.483574,0.453334
0.484305,0.0179915
0.484496,0.189792
0.48501,0.12922
0.486056,0.526246
0.486493,0.63564
0.48677,0.06306
0.486998,0.218257
0.487111,0.301628
0.487192,0.0150106
0.487247,0.733981
0.487255,0.284001
0.487562,0.385055
0.487698,0.956081
0.487924,0.438344
0.487978,0.452896
0.487984,0.799048
0.488077,0.505607
0.489052,0.0409945
0.489152,0.601845
0.489228,0.0996028
0.489517,0.584297
0.489749,0.0981894
0.489788,0.515479
0.490276,0.094877
0.490877,0.263488
0.491088,0.040668
0.49155,0.918923
0.491637,0.72872
0.492072,0.911683
0.49222,0.0757731
0.49229,0.227345
0.492547,0.189708
0.493947,0.887798
0.493994,0.579294
0.494058,0.0486352
0.494322,0.0694881
0.494717,0.492487
0.494862,0.380201
0.495,0.0106855
0.495675,0.688555
0.495796,0.0396843
0.496204,0.727368
0.496306,0.54914
0.496387,0.798466
0.496606,0.210597
0.496768,0.783295
0.496798,0.60351
0.497196,0.451608
0.497419,0.899029
0.497705,0.283879
0.497979,0.705999
0.499338,0.984491
0.500092,0.83843
0.500188,0.306746
0.500195,0.0285153
0.500328,0.0465218
0.500522,0.65846
0.500574,0.0414497
0.500759,0.870377
0.50077,0.865673
0.500818,0.371439
0.500906,0.0326801
0.50107,0.854658
0.501369,0.617048
0.501527,0.186368
0.501755,0.259789
0.502322,0.996
0.502877,0.849461
0.504451,0.833874
0.504739,0.29405
0.504827,0.762386
0.50498,0.79491
0.505038,0.0149027
0.505488,0.630311
0.505684,0.546591
0.506155,0.637549
0.506227,0.791535
0.506644,0.885806
0.507148,0.625501
0.507228,0.281153
0.507356,0.44096
0.507576,0.478339
0.507918,0.827884
0.50804,0.206823
0.508438,0.193338
0.508589,0.870083
0.508891,0.425714
0.510077,0.925253
0.510117,0.398663
0.510454,0.869904
0.510454,0.611261
0.510622,0.179792
0.510759,0.146656
0.51104,0.787649
0.511088,0.258776
0.511154,0.124317
0.511163,0.27312
0.51145,0.53397
0.511534,0.361248
0.511763,0.984171
0.512243,0.41904
0.512358,0.435055
0.512828,0.142988
0.512975,0.922229
0.513282,0.173843
0.513332,0.560394
0.513603,0.907734
0.513799,0.608528
0.514151,0.71369
0.514209,0.862636
0.514309,0.584769
0.514317,0.93951
0.514522,0.825048
0.514741,0.0247061
0.514989,0.381409
0.515088,0.74414
0.515141,0.608095
0.515226,0.259948
0.516613,0.122787
0.516617,0.263083
0.516699,0.0897916
0.516848,0.142005
0.517319,0.0894541
0.518201,0.513557
0.518222,0.896802
0.518255,0.572332
0.51834,0.408423
0.518687,0.13322
0.518703,0.571689
0.519396,0.891584
0.519501,0.471997
0.519719,0.560865
0.520287,0.540807
0.520548,0.336583
0.52068,0.185115
0.520801,0.225823
0.521159,0.252349
0.521765,0.917132
0.522195,0.251636
0.522477,0.184784
0.522846,0.768376
0.522869,0.330246
0.523114,0.82321
0.523175,0.902474
0.523625,0.0848488
0.52387,0.411023
0.524067,0.610248
0.52409,0.973078
0.524678,0.488825
0.524715,0.89322
0.524719,0.0693963
0.524951,0.455503
0.525034,0.156685
0.525689,0.469585
0.525745,0.596633
0.525853,0.948643
0.526076,0.950636
0.52622,0.63059
0.526251,0.466913
0.52627,0.602449
0.526448,0.0578498
0.527486,0.4325
0.527528,0.327393
0.528033,0.377919
0.528584,0.278983
0.528622,0.197924
0.529024,0.29543
0.529236,0.377225
0.529593,0.939783
0.53083,0.902003
0.53102,0.883756
0.531291,0.629469
0.531406,0.930557
0.531704,0.85882
0.532111,0.917018
0.532988,0.761741
0.53331,0.75817
0.533351,0.786334
0.533701,0.154593
0.533796,0.268203
0.533892,0.753322
0.533894,0.776957
0.534169,0.48395
0.534299,0.905374
0.534373,0.648272
0.534738,0.253356
0.534987,0.635259
0.535373,0.502549
0.535976,0.325082
0.536936,0.39158
0.537619,0.904585
0.537924,0.745555
0.538097,0.259237
0.538312,0.258753
0.53843,0.559357
0.538517,0.371834
0.53875,0.726538
0.538866,0.245823
0.538967,0.684724
0.539092,0.892263
0.539107,0.237949
0.53964,0.0486127
0.540203,0.193115
0.540303,0.599571
0.540931,0.0897591
0.541561,0.451004
0.542157,0.634503
0.542268,0.443545
0.542397,0.597824
0.542492,0.551732
0.542854,0.422112
0.543083,0.568421
0.543184,0.524093
0.543233,0.441649
0.543541,0.8813
0.543726,0.0649858
0.54381,0.649776
0.54397,0.39055
0.544281,0.0600448
0.544399,0.744432
0.544738,0.43914
0.545042,0.32306
0.545065,0.0817973
0.545689,0.1886
0.546032,0.0757575
0.546476,0.436747
0.546948,0.450075
0.54722,0.0559541
0.547294,0.63156
0.547304,0.619547
0.547334,0.67994
0.547417,0.170966
0.548166,0.574632
0.548925,0.36322
0.550023,0.353861
0.550055,0.743942
0.550081,0.608476
0.550323,0.44781
0.550803,0.832094
0.551464,0.52736
0.551634,0.621873
0.551772,0.643877
0.551972,0.90182
0.552032,0.475781
0.552103,0.761704
0.552111,0.891109
0.552497,0.169431
0.552988,0.802755
0.553485,0.0693999
0.553648,0.0558345
0.553892,0.472573
0.553901,0.295391
0.554014,0.487897
0.555166,0.563611
0.555169,0.890849
0.555257,0.821067
0.555626,0.692529
0.556021,0.188439
0.556549,0.466239
0.557007,0.141088
0.557085,0.674387
0.557135,0.246639
0.557659,0.489953
0.557811,0.224397
0.55792,0.425441
0.558635,0.184052
0.5587,0.288848
0.558824,0.742999
0.558885,0.720959
0.55975,0.900878
0.559837,0.716124
0.560444,0.866554
0.560464,0.424432
0.560584,0.770467
0.561015,0.612735
0.56143,0.266374
0.561975,0.0671043
0.562261,0.802759
0.563141,0.181087
0.564036,0.822949
0.564078,0.138645
0.564316,0.857847
0.565351,0.687391
0.565392,0.117252
0.565977,0.335921
0.56638,0.799091
0.566538,0.57062
0.56722,0.382306
0.567594,0.483944
0.568302,0.784565
0.568381,0.323884
0.568614,0.770059
0.568756,0.868248
0.569316,0.586121
0.569336,0.183981
0.569472,0.855845
0.569805,0.605533
0.569943,0.916888
0.570421,0.904259
0.570457,0.146844
0.570574,0.893351
0.570705,0.666479
0.570725,0.658676
0.571732,0.55696
0.571732,0.21879
0.572392,0.395294
0.572441,0.322409
0.572545,0.850258
0.572572,0.380048
0.572729,0.39163
0.573355,0.365599
0.573356,0.900907
0.57372,0.272692
0.574143,0.382261
0.574299,0.781544
0.574891,0.252075
0.575176,0.701429
0.575432,0.149721
0.576123,0.846593
0.576588,0.609125
0.577061,0.201165
0.578275,0.606467
0.578901,0.407167
0.578936,0.482042
0.579136,0.367167
0.579378,0.382258
0.580148,0.350957
0.580302,0.866108
0.580908,0.291309
0.580971,0.198838
0.581197,0.471437
0.581629,0.197822
0.581888,0.66379
0.582103,0.470322
0.582117,0.815331
0.58219,0.350107
0.582389,0.541787
0.582393,0.899084
0.582656,0.137676
0.582721,0.0905897
0.582817,0.0833972
0.583695,0.768658
0.583976,0.833131
0.584384,0.299577
0.584521,0.701348
0.584694,0.73457
0.58482,0.421448
0.585765,0.461887
0.586074,0.242407
0.586101,0.806313
0.586141,0.378354
0.586205,0.882599
0.586431,0.53941
0.586587,0.219571
0.586929,0.759548
0.587506,0.821831
0.587638,0.695813
0.587686,0.422724
0.587795,0.784955
0.588026,0.269751
0.588297,0.173429
0.588383,0.817812
0.589473,0.281307
0.589646,0.210943
0.58985,0.754721
0.590358,0.452186
0.590582,0.86552
0.591442,0.448075
0.591702,0.443587
0.592744,0.129283
0.592936,0.409581
0.592938,0.166892
0.593268,0.229526
0.593349,0.422712
0.593893,0.775394
0.594687,0.222404
0.595076,0.341982
0.595293,0.643165
0.595323,0.147283
0.595872,0.592474
0.595922,0.635666
0.596389,0.121238
0.596476,0.434845
0.596892,0.401898
0.597396,0.273956
0.597823,0.376618
0.598709,0.370198
0.600263,0.269482
0.600649,0.319691
0.600923,0.674699
0.601204,0.873564
0.601656,0.395931
0.602033,0.177507
0.602537,0.333967
0.602655,0.869064
0.602793,0.481564
0.602975,0.141932
0.603043,0.221741
0.603555,0.597623
0.603676,0.835566
0.60404,0.265961
0.604382,0.588243
0.604408,0.208182
0.60461,0.831489
0.604797,0.570777
0.604893,0.13858
0.605159,0.192486
0.605432,0.419983
0.60553,0.721183
0.606211,0.568546
0.606355,0.673482
0.606429,0.369719
0.60672,0.865005
0.607796,0.313186
0.608102,0.830517
0.608561,0.734198
0.60865,0.605024
0.608757,0.366624
0.609014,0.507459
0.609469,0.526542
0.609604,0.834181
0.609737,0.80642
0.609838,0.177454
0.610369,0.566396
0.610631,0.887504
0.610828,0.559941
0.610886,0.331218
0.611095,0.881352
0.611377,0.654713
0.611513,0.873699
0.612724,0.718525
0.612887,0.116647
0.612919,0.16172
0.613604,0.325662
0.613635,0.604394
0.613855,0.700124
0.61408,0.853994
0.614313,0.366604
0.614439,0.803393
0.614664,0.641581
0.615013,0.7933
0.615616,0.671199
0.616093,0.363526
0.616356,0.475442
0.61766,0.668582
0.618858,0.827595
0.618888,0.295231
0.619096,0.667071
0.619159,0.290265
0.619268,0.690302
0.619378,0.252919
0.620692,0.416958
0.621035,0.637835
0.62134,0.704859
0.621457,0.321373
0.62152,0.248642
0.6216,0.83555
0.622482,0.189615
0.622563,0.548083
0.622831,0.188021
0.623015,0.265421
0.623031,0.127392
0.623077,0.75764
0.623942,0.390245
0.624076,0.750051
0.624085,0.258191
0.62431,0.294177
0.625166,0.369587
0.625372,0.184289
0.626476,0.834093
0.628585,0.594922
0.628694,0.687486
0.628802,0.489501
0.629023,0.18217
0.629303,0.720251
0.629407,0.473561
0.629825,0.314181
0.630417,0.800032
0.630594,0.744242
0.631387,0.215033
0.632147,0.538783
0.632342,0.160188
0.632351,0.254271
0.632499,0.309222
0.633143,0.30843
0.633278,0.391898
0.633659,0.719459
0.634113,0.806915
0.634457,0.435802
0.634805,0.206842
0.6353,0.828474
0.635772,0.365723
0.636142,0.386351
0.636275,0.563097
0.636353,0.434486
0.637833,0.654939
0.638121,0.743746
0.638272,0.774299
0.63855,0.379289
0.638607,0.376992
0.638859,0.715914
0.639606,0.180377
0.63962,0.85957
0.640185,0.629335
0.640235,0.615274
0.640332,0.472187
0.640718,0.36571
0.640776,0.709339
0.640892,0.361327
0.641303,0.609315
0.641615,0.75676
0.64177,0.461365
0.642183,0.176581
0.642562,0.359053
0.642632,0.37555
0.643112,0.527574
0.643227,0.668907
0.64338,0.425821
0.64362,0.693027
0.643892,0.755739
0.644106,0.423728
0.644438,0.293493
0.644502,0.173456
0.644641,0.589111
0.644732,0.207285
0.645213,0.528948
0.645599,0.806351
0.645721,0.398029
0.645742,0.422948
0.645919,0.747156
0.647196,0.735106
0.647346,0.732608
0.647557,0.164777
0.647844,0.823354
0.648389,0.16
0.648406,0.587478
0.648922,0.239892
0.649492,0.479405
0.649622,0.554595
0.649729,0.730895
0.650033,0.471319
0.650645,0.413287
0.650651,0.837449
0.650696,0.381122
0.650837,0.554454
0.650872,0.685927
0.651564,0.724037
0.652302,0.424467
0.652414,0.524997
0.652458,0.743078
0.652751,0.156518
0.653665,0.665157
0.654032,0.378054
0.65532,0.401926
0.655397,0.303646
0.658895,0.613302
0.65993,0.799398
0.659974,0.324193
0.660185,0.61283
0.660582,0.163806
0.660957,0.742743
0.661445,0.797289
0.661783,0.504961
0.6621,0.50278
0.662352,0.399482
0.662729,0.371971
0.66359,0.463886
0.66385,0.767437
0.663936,0.462284
0.663958,0.759895
0.664056,0.395235
0.665964,0.754859
0.666072,0.715787
0.666264,0.720015
0.666347,0.494008
0.666546,0.756122
0.666578,0.458959
0.666714,0.371117
0.667436,0.741795
0.668216,0.237699
0.668466,0.786734
0.668708,0.83021
0.669345,0.797771
0.670846,0.354416
0.671329,0.703519
0.671335,0.348431
0.671486,0.398904
0.671945,0.249763
0.672255,0.524546
0.67283,0.755383
0.673239,0.418423
0.673274,0.609102
0.673312,0.695616
0.673704,0.318876
0.674563,0.344725
0.675242,0.647315
0.676039,0.392175
0.676281,0.793651
0.676666,0.545574
0.676894,0.782093
0.677048,0.511838
0.677294,0.183638
0.677615,0.692599
0.678467,0.746749
0.678559,0.743802
0.679143,0.391643
0.679265,0.746331
0.679265,0.774995
0.679982,0.688568
0.68081,0.638026
0.681519,0.589119
0.68169,0.412137
0.682162,0.370851
0.682531,0.451444
0.683082,0.684013
0.683519,0.31491
0.683903,0.728149
0.684162,0.505546
0.684904,0.731789
0.686028,0.385313
0.686067,0.785428
0.68642,0.378425
0.687719,0.629644
0.6879,0.344326
0.688508,0.44808
0.688849,0.483569
0.689344,0.574224
0.690519,0.282407
0.691154,0.513061
0.691183,0.739576
0.692261,0.408869
0.693087,0.479493
0.69352,0.408098
0.694011,0.333895
0.694053,0.369486
0.694394,0.723153
0.694501,0.773008
0.694761,0.718382
0.69593,0.457683
0.696618,0.720478
0.696804,0.44162
0.696853,0.604602
0.697008,0.705097
0.697528,0.453203
0.698231,0.474213
0.698534,0.436843
0.698826,0.690724
0.699094,0.739081
0.699463,0.756822
0.699662,0.750835
0.700364,0.602246
0.7008,0.69856
0.700852,0.550082
0.700911,0.210442
0.701635,0.750729
0.701827,0.245785
0.702116,0.407828
0.70238,0.603553
0.703054,0.287455
0.703118,0.207993
0.703255,0.547838
0.703865,0.399065
0.704022,0.696559
0.704546,0.278921
0.705569,0.659776
0.706221,0.738368
0.706767,0.658897
0.706771,0.525842
0.706839,0.548081
0.706958,0.36694
0.707439,0.291397
0.707594,0.315655
0.707696,0.592015
0.707983,0.465425
0.708192,0.73732
0.7086,0.353576
0.709392,0.655697
0.709577,0.364887
0.709743,0.283865
0.710375,0.306907
0.710409,0.272289
0.712819,0.482188
0.713528,0.256297
0.71401,0.495414
0.714143,0.242008
0.714607,0.483686
0.715175,0.419804
0.715213,0.253741
0.715387,0.434272
0.715572,0.520318
0.716194,0.388757
0.716514,0.734813
0.717936,0.778154
0.718074,0.740965
0.718286,0.38868
0.718313,0.685086
0.718414,0.579333
0.719077,0.470136
0.719526,0.517162
0.72086,0.387897
0.721928,0.378136
0.722274,0.451911
0.722448,0.467509
0.723307,0.475001
0.725126,0.597405
0.725486,0.407272
0.725606,0.234258
0.726236,0.303284
0.726629,0.468984
0.726803,0.449265
0.727503,0.766871
0.727849,0.268524
0.727911,0.253488
0.728376,0.515341
0.728895,0.39864
0.729333,0.265907
0.729359,0.499374
0.729776,0.539728
0.730307,0.660497
0.731032,0.625172
0.731954,0.430691
0.732166,0.323807
0.733642,0.739229
0.734772,0.381085
0.736424,0.377934
0.737136,0.537456
0.738005,0.745122
0.738501,0.380362
0.739227,0.319258
0.740731,0.645666
0.741047,0.43026
0.741684,0.283017
0.741906,0.616206
0.742858,0.295325
0.742905,0.446543
0.744111,0.733496
0.744117,0.250148
0.7447,0.584206
0.745055,0.365916
0.746105,0.729224
0.746932,0.714595
0.748717,0.481307
0.749025,0.480099
0.749186,0.364848
0.749251,0.714465
0.749278,0.712018
0.750602,0.53159
0.751761,0.350345
0.7525,0.362908
0.752823,0.731714
0.753635,0.644891
0.754924,0.638195
0.756914,0.724612
0.758173,0.454819
0.758195,0.71261
0.758325,0.583532
0.758451,0.707999
0.759724,0.549
0.759822,0.621061
0.760239,0.271172
0.762861,0.635364
0.764108,0.679738
0.76446,0.544955
0.76487,0.524023
0.765286,0.711983
0.766791,0.316403
0.767168,0.372025
0.767183,0.354697
0.767399,0.630271
0.767716,0.437151
0.768001,0.52194
0.768706,0.539538
0.768849,0.701363
0.769475,0.368193
0.769989,0.419303
0.770427,0.276788
0.77047,0.340754
0.77049,0.453989
0.77049,0.65889
0.77067,0.49341
0.770681,0.583305
0.770772,0.417694
0.771569,0.350909
0.772542,0.676944
0.77327,0.41086
0.773911,0.294111
0.773914,0.387145
0.774172,0.313378
0.77442,0.503472
0.774656,0.386064
0.775215,0.469544
0.776838,0.676339
0.777488,0.30474
0.778203,0.568456
0.779051,0.373936
0.779159,0.345268
0.780569,0.476698
0.781399,0.508905
0.781603,0.587545
0.781852,0.703387
0.781878,0.647407
0.782099,0.373013
0.782444,0.30405
0.783254,0.288795
0.783803,0.582847
0.784576,0.502111
0.785472,0.469035
0.786206,0.35731
0.787087,0.427113
0.78735,0.402395
0.787998,0.685228
0.788259,0.344494
0.789619,0.48362
0.789688,0.480539
0.789826,0.380646
0.790225,0.632441
0.790845,0.426788
0.791231,0.464836
0.791249,0.37791
0.791389,0.295335
0.792359,0.608267
0.792561,0.295836
0.793159,0.629054
0.793882,0.689743
0.794092,0.66888
0.795636,0.471688
0.796357,0.649185
0.796647,0.682476
0.796988,0.349102
0.797095,0.411131
0.797507,0.671583
0.797909,0.6139
0.797988,0.46136
0.798077,0.46661
0.798188,0.392634
0.798633,0.36265
0.798954,0.456509
0.800247,0.498142
0.801006,0.343306
0.803716,0.601076
0.803926,0.6127
0.804662,0.454855
0.80493,0.391569
0.805864,0.349863
0.806319,0.664283
0.806725,0.444481
0.80693,0.600422
0.807053,0.53913
0.80734,0.341085
0.808396,0.538728
0.808684,0.529843
0.809008,0.564371
0.809278,0.679976
0.809585,0.610126
0.812844,0.623955
0.81301,0.510979
0.813432,0.315818
0.813464,0.443555
0.813807,0.649067
0.81623,0.505363
0.817571,0.329281
0.818638,0.343195
0.818666,0.674958
0.819781,0.62687
0.820157,0.386396
0.820422,0.638636
0.82132,0.63656
0.821774,0.363061
0.825286,0.564282
0.827663,0.65607
0.828879,0.509272
0.83053,0.340268
0.83059,0.570862
0.830787,0.331787
0.830976,0.559758
0.831001,0.55939
0.832049,0.621236
0.832787,0.378101
0.833204,0.403193
0.836305,0.364816
0.837186,0.468393
0.838061,0.502331
0.838127,0.500081
0.838357,0.361056
0.838583,0.342738
0.839006,0.516985
0.84014,0.476351
0.842126,0.654508
0.842571,0.486847
0.843245,0.353813
0.843612,0.399199
0.845593,0.554662
0.846902,0.650036
0.849044,0.475483
0.849842,0.599533
0.850702,0.381267
0.851357,0.453985
0.851465,0.618614
0.858681,0.473116
0.858833,0.619166
0.858926,0.61187
0.859266,0.617967
0.859941,0.380276
0.861198,0.579847
0.861735,0.575866
0.861958,0.631098
0.862242,0.550204
0.862349,0.369072
0.862875,0.623829
0.863279,0.611038
0.863914,0.416756
0.865804,0.444133
0.866204,0.528625
0.867033,0.461649
0.867919,0.598184
0.868757,0.515321
0.86973,0.622759
0.870073,0.508473
0.871319,0.563467
0.874328,0.470894
0.875541,0.498553
0.875908,0.557032
0.8761,0.584812
0.87781,0.456768
0.877857,0.604713
0.879393,0.550407
0.880511,0.440943
0.880569,0.542252
0.881449,0.468136
0.881742,0.600661
0.882562,0.58177
0.88278,0.473249
0.883157,0.604722
0.883277,0.593727
0.886607,0.535224
0.886691,0.587751
0.886963,0.473134
0.889506,0.52891
0.891898,0.401084
0.892109,0.398546
0.892366,0.589779
0.893065,0.58709
0.894236,0.551859
0.895771,0.528331
0.896206,0.551062
0.900688,0.477418
0.900755,0.57673
0.900894,0.580499
0.901729,0.572725
0.90191,0.572342
0.902597,0.523393
0.905138,0.464327
0.905605,0.459997
0.906514,0.420685
0.90709,0.568883
0.908635,0.527369
0.91051,0.414727
0.91071,0.526818
0.910841,0.523536
0.912262,0.58037
0.912904,0.503984
0.914826,0.558736
0.916993,0.496447
0.917462,0.470169
0.917968,0.493024
0.918624,0.484463
0.919081,0.533618
0.919356,0.4514
0.919985,0.511474
0.924421,0.476553
0.926562,0.433582
0.926999,0.498544
0.928727,0.47765
0.929934,0.515349
0.931378,0.499383
0.93294,0.475882
0.934422,0.444364
0.937829,0.441275
0.937936,0.445963
0.942691,0.533418
0.944824,0.472896
0.94588,0.553298
0.94608,0.470263
0.946157,0.549048
0.946303,0.493543
0.9506,0.543986
0.951236,0.451735
0.952046,0.469175
0.953092,0.49528
0.953268,0.458264
0.962106,0.479302
0.966984,0.520784
0.967057,0.515833
0.969632,0.514512
0.973271,0.507537
0.973536,0.474869
0.976516,0.513638
0.97836,0.504587
