7.69937e-05,0.92964
0.000105473,0.147957
0.000591437,0.0752691
0.000656024,0.930146
0.00121489,0.440947
0.00138247,0.596504
0.00183134,0.267925
0.00191089,0.572764
0.00196924,0.737024
0.00200775,0.0627132
0.00210395,0.851731
0.00211365,0.279807
0.00292287,0.162525
0.00305154,0.597601
0.00336757,0.224583
0.0034641,0.0342369
0.0042527,0.0988779
0.00443821,0.322546
0.00453185,0.579404
0.0049101,0.272825
0.00497994,0.938416
0.00515728,0.0861935
0.00520135,0.418438
0.00536627,0.751039
0.00537471,0.543915
0.00570702,0.903123
0.00616199,0.247657
0.00636324,0.451628
0.0067088,0.921314
0.00695454,0.668277
0.00706699,0.592264
0.00728965,0.812706
0.00741051,0.777418
0.00751459,0.945877
0.00761696,0.716464
0.0081493,0.491252
0.0085934,0.805827
0.00890828,0.931539
0.00893574,0.536667
0.00935679,0.0652752
0.00955406,0.432196
0.0108386,0.515182
0.0115593,0.626307
0.0122348,0.497636
0.0128299,0.380494
0.0133263,0.136175
0.013567,0.883041
0.0139758,0.771254
0.014189,0.884589
0.0148485,0.459299
0.0148992,0.788286
0.0152467,0.787274
0.0159671,0.345236
0.0165176,0.408535
0.0166094,0.255645
0.0168574,0.13032
0.0171824,0.949525
0.0172126,0.817285
0.0176073,0.847642
0.0179593,0.761531
0.0181668,0.338118
0.0182046,0.121629
0.0182427,0.834314
0.0183496,0.639688
0.0194807,0.827272
0.0195062,0.653668
0.019901,0.895165
0.0200697,0.483281
0.0200795,0.900479
0.0209545,0.335669
0.0211585,0.800325
0.0211854,0.824359
0.0213388,0.489384
0.0213388,0.240929
0.0214151,0.931554
0.0214873,0.408432
0.0217646,0.02651
0.0222684,0.271653
0.0225982,0.634584
0.022657,0.271185
0.0229029,0.265703
0.0231361,0.573849
0.0233031,0.226038
0.0234408,0.881572
0.0238206,0.798897
0.0242086,0.780091
0.0242313,0.979362
0.0247196,0.671954
0.0250252,0.254854
0.025124,0.43149
0.0258882,0.251062
0.0259604,0.997671
0.0261517,0.662237
0.0266085,0.728883
0.0268644,0.941232
0.0273535,0.955484
0.0275451,0.756138
0.0276222,0.3729
0.0280281,0.611683
0.0282082,0.96997
0.0283619,0.930605
0.0284192,0.919255
0.0285394,0.465409
0.0288155,0.248845
0.0288839,0.988845
0.0289045,0.961972
0.0290916,0.222858
0.029549,0.42051
0.0297213,0.872304
0.0303729,0.828169
0.0305562,0.40541
0.0305973,0.912269
0.0309225,0.154334
0.0309268,0.619752
0.0310421,0.40072
0.0312972,0.433992
0.0315642,0.908362
0.0325783,0.899852
0.032773,0.520086
0.033378,0.254701
0.033612,0.522806
0.0336332,0.65561
0.0337377,0.798323
0.0339686,0.463773
0.0340898,0.649385
0.035016,0.909862
0.0352161,0.755832
0.0353767,0.794231
0.0360805,0.750358
0.0366925,0.434649
0.0367729,0.425463
0.0370624,0.216434
0.0376334,0.690969
0.0377574,0.75856
0.0381408,0.394123
0.0382362,0.774865
0.0388805,0.354322
0.0390774,0.329679
0.0391159,0.248355
0.0393237,0.468888
0.0397583,0.860005
0.0397642,0.974217
0.0400435,0.757945
0.0403281,0.410702
0.0405934,0.456704
0.0407107,0.771966
0.0412784,0.326103
0.0413123,0.724032
0.041637,0.663222
0.0429207,0.661208
0.0433208,0.409948
0.0437034,0.871207
0.0437541,0.970654
0.044398,0.668428
0.0445611,0.788192
0.0446804,0.686579
0.044797,0.863719
0.0453083,0.79149
0.0455855,0.786091
0.0458486,0.628174
0.0462379,0.809444
0.0465892,0.63168
0.0471128,0.950364
0.0474325,0.904056
0.0474556,0.574991
0.0477349,0.649368
0.0478018,0.577464
0.0482999,0.626761
0.0491366,0.266523
0.0493676,0.965491
0.0494876,0.717445
0.0494999,0.680566
0.049631,0.514945
0.0498237,0.225229
0.0500397,0.69382
0.0506607,0.189636
0.0508059,0.662597
0.0508071,0.158984
0.0508528,0.556981
0.0510012,0.96221
0.0513661,0.919528
0.0519866,0.811491
0.0528836,0.829388
0.0529511,0.930288
0.0542211,0.733296
0.0547986,0.0764472
0.0549575,0.215938
0.0550232,0.651897
0.0551561,0.454184
0.0552582,0.77537
0.0553338,0.822608
0.0556211,0.131575
0.0556782,0.788423
0.0567335,0.483966
0.0567627,0.334658
0.0570622,0.844103
0.0574273,0.265273
0.0574587,0.0758754
0.0575487,0.840267
0.0576912,0.970099
0.0583121,0.906134
0.0583847,0.753218
0.0588066,0.113381
0.0588146,0.995097
0.0590286,0.914736
0.0590408,0.631122
0.0591478,0.460183
0.0593752,0.972462
0.0602719,0.860458
0.0606276,0.869967
0.0607091,0.678192
0.0610412,0.502835
0.0615989,0.413324
0.0616191,0.597971
0.0617062,0.810636
0.0619999,0.705322
0.0620794,0.371509
0.0621388,0.728831
0.0621426,0.727695
0.0622105,0.861139
0.0622674,0.264481
0.0624021,0.450384
0.0625342,0.855825
0.0654682,0.94792
0.0655859,0.492385
0.0658852,0.855756
0.0666748,0.947653
0.066844,0.699213
0.0673091,0.850796
0.0677009,0.961323
0.0679278,0.590573
0.0681276,0.332557
0.0681913,0.547652
0.0685223,0.758364
0.0685974,0.948342
0.0695506,0.331078
0.0696101,0.912775
0.0719509,0.393935
0.072044,0.92606
0.0722746,0.651782
0.072597,0.881236
0.0727766,0.921305
0.0730364,0.250118
0.073423,0.796729
0.0735513,0.966288
0.0735626,0.230733
0.073775,0.614804
0.0737965,0.55521
0.0739633,0.22986
0.0743457,0.369418
0.0743862,0.16305
0.0746138,0.901765
0.0747903,0.983987
0.0748418,0.844181
0.0748807,0.488073
0.0751555,0.832593
0.0752986,0.730535
0.0754327,0.951761
0.0755038,0.962295
0.0755439,0.847768
0.0762846,0.440789
0.0763792,0.214599
0.0767291,0.806932
0.0769338,0.712947
0.0770362,0.944969
0.0770963,0.833905
0.0774412,0.648342
0.0775379,0.53475
0.0781483,0.0491085
0.0783224,0.206529
0.0788567,0.775618
0.0792451,0.815864
0.0795877,0.808941
0.0795975,0.792644
0.0797454,0.640971
0.0800035,0.679631
0.0801231,0.921713
0.081361,0.834654
0.0824358,0.943565
0.0827167,0.110504
0.0828514,0.733053
0.0828714,0.401726
0.0834086,0.772765
0.0843795,0.741069
0.0844526,0.764765
0.0845267,0.951756
0.0850906,0.760313
0.0854556,0.85181
0.0857245,0.247513
0.0861474,0.676727
0.0862058,0.912024
0.0863144,0.82989
0.0863654,0.895686
0.0867101,0.516731
0.0867852,0.350083
0.0868128,0.690782
0.0872908,0.841312
0.0876743,0.875983
0.0879809,0.863466
0.089905,0.0922404
0.0903772,0.0909134
0.0903894,0.815013
0.091148,0.93029
0.0912247,0.649758
0.0912251,0.391344
0.091727,0.817448
0.0922897,0.615048
0.0924425,0.168443
0.0927078,0.894194
0.0927931,0.999063
0.0928236,0.672496
0.0933823,0.911495
0.0938727,0.857734
0.093962,0.994339
0.09454,0.772466
0.0948137,0.899034
0.0954043,0.792929
0.0957658,0.984104
0.0958504,0.559838
0.0963872,0.477567
0.0973552,0.766909
0.0976278,0.929963
0.0979256,0.5459
0.0986055,0.863472
0.0994119,0.0374825
0.0995812,0.142968
0.0995966,0.83397
0.100421,0.754056
0.100473,0.945442
0.101115,0.58013
0.101646,0.708752
0.102087,0.947728
0.102103,0.872596
0.102304,0.805868
0.102582,0.87405
0.102763,0.867338
0.102796,0.75829
0.10332,0.812001
0.103536,0.643979
0.103621,0.510257
0.103929,0.78303
0.104515,0.917639
0.104566,0.166401
0.105612,0.568375
0.105685,0.791656
0.105843,0.487469
0.107329,0.725536
0.108777,0.368091
0.109032,0.58288
0.109452,0.219793
0.109471,0.475645
0.110438,0.762286
0.110645,0.165377
0.112422,0.00368865
0.112761,0.63707
0.114021,0.960034
0.114326,0.579567
0.114434,0.466732
0.114571,0.889062
0.114728,0.157522
0.114961,0.627764
0.115347,0.484632
0.115568,0.69942
0.115831,0.150218
0.115892,0.0106239
0.116094,0.763125
0.116355,0.695464
0.116419,0.606675
0.116438,0.474177
0.116482,0.448056
0.117414,0.148036
0.117681,0.287433
0.117685,0.145266
0.117803,0.819913
0.11784,0.802654
0.118196,0.612703
0.118216,0.582244
0.118445,0.4664
0.119022,0.946009
0.119275,0.107818
0.11969,0.827472
0.119888,0.104698
0.120614,0.560312
0.120651,0.938383
0.120787,0.10115
0.120828,0.543843
0.12092,0.198414
0.121155,0.42721
0.123413,0.751436
0.123597,0.605682
0.123599,0.0100694
0.12447,0.85294
0.124627,0.758745
0.125313,0.845248
0.125781,0.216457
0.126267,0.982707
0.126381,0.749961
0.126382,0.287736
0.126473,0.460814
0.126664,0.806143
0.126713,0.94661
0.126849,0.994448
0.127199,0.533432
0.127523,0.50078
0.128512,0.458873
0.129043,0.383096
0.129643,0.636111
0.129674,0.00182164
0.130752,0.717979
0.130934,0.909353
0.132803,0.797822
0.132897,0.957494
0.13299,0.376069
0.133159,0.910476
0.134208,0.123412
0.134438,0.948462
0.134498,0.913003
0.13471,0.0666909
0.135014,0.800015
0.135172,0.965299
0.135227,0.948297
0.135934,0.71481
0.136606,0.930595
0.136658,0.732779
0.137059,0.884543
0.137116,0.681901
0.137196,0.711567
0.137928,0.200562
0.138451,0.878785
0.138823,0.607488
0.138905,0.605082
0.139446,0.898406
0.140026,0.835519
0.140423,0.569839
0.140819,0.369013
0.141096,0.513391
0.141374,0.88972
0.141385,0.934633
0.141998,0.744045
0.142891,0.461971
0.142968,0.782466
0.142995,0.569583
0.143211,0.994342
0.143855,0.0656793
0.144664,0.366167
0.144995,0.811306
0.145034,0.923733
0.145076,0.0413734
0.145342,0.769821
0.146012,0.68424
0.146031,0.762405
0.146196,0.918451
0.146259,0.677972
0.146332,0.987228
0.146431,0.976832
0.146621,0.417682
0.146846,0.54263
0.146907,0.845462
0.146986,0.520848
0.147026,0.989064
0.147437,0.901075
0.147852,0.43396
0.14832,0.347254
0.148373,0.498463
0.148705,0.707571
0.148837,0.821112
0.14904,0.114429
0.149041,0.715957
0.149146,0.34706
0.150142,0.517522
0.150177,0.513573
0.150272,0.631269
0.150951,0.0403506
0.151011,0.964627
0.151335,0.195826
0.151684,0.863905
0.152847,0.691543
0.153009,0.72489
0.15325,0.403267
0.154096,0.256022
0.154339,0.941091
0.155297,0.3797
0.15583,0.463796
0.15641,0.642629
0.15649,0.171338
0.156929,0.377079
0.157205,0.845363
0.157441,0.498129
0.157534,0.844713
0.157589,0.376686
0.158223,0.389341
0.158306,0.33815
0.158793,0.660992
0.159417,0.845483
0.15971,0.458553
0.160037,0.314289
0.161125,0.0861093
0.161553,0.532186
0.162357,0.691381
0.162954,0.296288
0.163793,0.385872
0.163967,0.347778
0.164669,0.949914
0.16473,0.149197
0.165034,0.719197
0.165411,0.978256
0.16593,0.51299
0.166491,0.801633
0.166581,0.96843
0.166713,0.78458
0.166843,0.60994
0.167196,0.937993
0.167346,0.849651
0.167734,0.283875
0.16781,0.814857
0.168626,0.824154
0.169448,0.770524
0.169466,0.768104
0.169546,0.602285
0.170297,0.870019
0.172138,0.0362676
0.172298,0.631165
0.172358,0.805912
0.172994,0.894713
0.173063,0.460452
0.173411,0.873522
0.174713,0.846755
0.175331,0.682902
0.175673,0.435209
0.17623,0.38451
0.176263,0.679871
0.176426,0.902028
0.176435,0.573738
0.176531,0.989061
0.176761,0.819119
0.176845,0.678549
0.177041,0.277512
0.177067,0.748431
0.180759,0.780001
0.180955,0.670099
0.181087,0.695321
0.181587,0.584539
0.18177,0.337959
0.183037,0.426322
0.184388,0.839768
0.184658,0.0817888
0.185812,0.913264
0.186024,0.23648
0.186334,0.97446
0.186467,0.948351
0.186485,0.337729
0.186503,0.383903
0.186591,0.418707
0.187099,0.997151
0.187128,0.445816
0.18732,0.626371
0.188043,0.773524
0.188246,0.712627
0.189409,0.871804
0.189786,0.495282
0.190477,0.939948
0.190509,0.438747
0.190604,0.491442
0.191294,0.103571
0.191331,0.873158
0.192774,0.96678
0.193626,0.973208
0.194013,0.128731
0.194277,0.709969
0.19439,0.217163
0.194658,0.0579528
0.194828,0.690786
0.194982,0.938586
0.195091,0.799392
0.195801,0.579422
0.196179,0.870596
0.196758,0.840829
0.197503,0.268734
0.197921,0.18093
0.197937,0.621864
0.198042,0.90397
0.200712,0.95635
0.200812,0.757648
0.201064,0.666575
0.201491,0.897275
0.201606,0.1147
0.20211,0.89019
0.20308,0.82216
0.203346,0.958593
0.203917,0.421155
0.204007,0.851397
0.204072,0.769345
0.204675,0.918203
0.204807,0.686873
0.205389,0.672818
0.205441,0.821266
0.207257,0.101245
0.207644,0.413157
0.207803,0.752145
0.208034,0.885889
0.20831,0.668857
0.208786,0.663486
0.209583,0.745163
0.209721,0.550037
0.209819,0.981981
0.21032,0.174393
0.211995,0.204232
0.213599,0.0761699
0.214503,0.251264
0.214677,0.962846
0.214698,0.921317
0.214719,0.362609
0.214835,0.918989
0.214905,0.0920286
0.215343,0.934974
0.215388,0.708077
0.215525,0.955916
0.21629,0.839587
0.216512,0.947078
0.216898,0.361959
0.217342,0.524293
0.219355,0.867635
0.220128,0.966709
0.22059,0.958272
0.220639,0.659858
0.221455,0.945272
0.221788,0.38879
0.222757,0.903943
0.223244,0.171748
0.22328,0.45768
0.223631,0.0818474
0.223784,0.92722
0.223943,0.65703
0.224366,0.0050675
0.224969,0.544753
0.225407,0.858838
0.226133,0.887055
0.226751,0.794176
0.226967,0.102258
0.227186,0.652083
0.227643,0.765934
0.227643,0.344476
0.227865,0.2622
0.229137,0.516023
0.229242,0.828692
0.230924,0.826863
0.231425,0.455868
0.231779,0.606237
0.232058,0.866347
0.233059,0.0678613
0.233463,0.862057
0.233678,0.668119
0.233684,0.81585
0.234,0.664319
0.234389,0.383156
0.234905,0.081293
0.23509,0.0751546
0.23529,0.96495
0.235987,0.81566
0.236281,0.894487
0.236951,0.829832
0.236973,0.488145
0.237223,0.648066
0.237227,0.846236
0.238794,0.953762
0.23899,0.892877
0.239023,0.406113
0.239352,0.883103
0.239622,0.966554
0.240099,0.342531
0.240235,0.598279
0.240785,0.932165
0.241532,0.959169
0.24155,0.464059
0.241765,0.871487
0.241881,0.0619737
0.242392,0.86113
0.242853,0.974265
0.243621,0.451883
0.244359,0.645012
0.244502,0.96643
0.244726,0.972916
0.244749,0.825784
0.24481,0.891853
0.245794,0.257804
0.245879,0.659175
0.246616,0.874674
0.246861,0.96635
0.248605,0.970934
0.248906,0.845793
0.249519,0.888655
0.250204,0.105292
0.250384,0.576347
0.251607,0.884341
0.252389,0.443971
0.252496,0.764608
0.253692,0.433159
0.253848,0.566487
0.254196,0.947125
0.255275,0.95867
0.255335,0.255583
0.256228,0.818414
0.256974,0.641073
0.257239,0.803523
0.257249,0.0540135
0.257514,0.542198
0.257826,0.356455
0.257876,0.961598
0.258041,0.0400711
0.258135,0.511528
0.258273,0.729612
0.259024,0.920445
0.259838,0.754346
0.260163,0.193337
0.260535,0.424
0.261386,0.423196
0.262513,0.948509
0.262756,0.926703
0.263051,0.8578
0.263381,0.944553
0.263497,0.971765
0.263732,0.385386
0.264292,0.536215
0.265525,0.951268
0.265543,0.912374
0.265839,0.825405
0.266701,0.399517
0.267088,0.529379
0.267613,0.508937
0.269284,0.925918
0.269774,0.636466
0.26997,0.924778
0.270174,0.0736142
0.270337,0.869946
0.27055,0.846237
0.271513,0.335766
0.271726,0.625896
0.271994,0.681599
0.272517,0.0824036
0.273388,0.506177
0.273592,0.328815
0.273958,0.0594128
0.274136,0.172341
0.274349,0.880761
0.274651,0.981349
0.276509,0.936711
0.277732,0.753416
0.278107,0.908082
0.278184,0.314732
0.278185,0.499702
0.278252,0.480204
0.278503,0.97998
0.278953,0.681389
0.279434,0.816432
0.280645,0.619545
0.280966,0.609069
0.281079,0.348051
0.281278,0.800836
0.281521,0.280503
0.281729,0.0328806
0.282016,0.716347
0.28204,0.749012
0.282626,0.277138
0.283462,0.352375
0.284205,0.0812938
0.2845,0.873566
0.286296,0.959378
0.286886,0.0716134
0.287051,0.901729
0.289195,0.728116
0.289338,0.296506
0.289995,0.568712
0.290977,0.97425
0.291006,0.0284514
0.29207,0.937574
0.293889,0.840332
0.294362,0.0627365
0.294813,0.783594
0.294903,0.475736
0.29596,0.322219
0.296213,0.706452
0.297962,0.964122
0.299022,0.146501
0.299488,0.972252
0.300126,0.786495
0.300472,0.822553
0.300811,0.14157
0.301558,0.634499
0.302048,0.871253
0.302585,0.671191
0.303223,0.601541
0.303473,0.0203201
0.30353,0.302276
0.303667,0.816838
0.303867,0.957598
0.303998,0.959109
0.304265,0.671633
0.304933,0.141565
0.305421,0.815581
0.306362,0.617277
0.306482,0.70546
0.30653,0.983391
0.306538,0.964782
0.306819,0.777998
0.307189,0.971367
0.307537,0.956786
0.307624,0.925469
0.308022,0.799525
0.308176,0.215214
0.308187,0.609816
0.308456,0.590105
0.30885,0.753212
0.309105,0.880708
0.309109,0.986486
0.309497,0.654442
0.310109,0.138887
0.310184,0.604578
0.310305,0.917912
0.310373,0.985857
0.311067,0.651072
0.311198,0.931651
0.312515,0.797806
0.313434,0.13302
0.313697,0.0502198
0.314309,0.977373
0.314403,0.0689158
0.314526,0.641994
0.316351,0.0602729
0.316695,0.599524
0.317277,0.722557
0.318332,0.872947
0.318406,0.521434
0.318802,0.874162
0.31903,0.0527129
0.319516,0.896464
0.319946,0.996717
0.319985,0.291265
0.320751,0.00502243
0.321509,0.575606
0.321553,0.00348976
0.322833,0.377263
0.322862,0.632399
0.322933,0.843679
0.323197,0.0276792
0.323601,0.0230906
0.324411,0.904825
0.324429,0.952298
0.324456,0.231185
0.324557,0.404236
0.324795,0.944328
0.325779,0.794618
0.326527,0.493871
0.326577,0.400628
0.326839,0.759612
0.328026,0.00495847
0.329609,0.964106
0.330402,0.989396
0.330795,0.726965
0.332675,0.888905
0.332841,0.664341
0.332878,0.885029
0.332978,0.0224112
0.333633,0.013956
0.333999,0.990781
0.334182,0.707485
0.334479,0.745678
0.334537,0.0519397
0.334971,0.690348
0.335501,0.223443
0.336476,0.393633
0.336545,0.834119
0.336696,0.978523
0.336773,0.979248
0.336807,0.777439
0.337791,0.0199331
0.338225,0.491155
0.339092,0.889959
0.339451,0.0433477
0.340171,0.491145
0.34022,0.459025
0.341102,0.859428
0.341167,0.873255
0.341319,0.984906
0.341774,0.112287
0.342154,0.451146
0.342167,0.01187
0.342326,0.485461
0.342782,0.880313
0.343225,0.73814
0.343629,0.0254396
0.344078,1.8867e-05
0.344395,0.839144
0.344814,0.765279
0.344942,0.382338
0.345007,0.858869
0.345215,0.763043
0.345358,0.992818
0.345511,0.989924
0.345899,0.869832
0.346178,0.817686
0.347028,0.0265091
0.347061,0.0209992
0.347791,0.776856
0.347867,0.344626
0.348565,0.639985
0.348765,0.854427
0.348811,0.936546
0.348823,0.758181
0.349559,0.936813
0.350007,0.636426
0.350481,0.555559
0.351126,0.020694
0.351749,0.482935
0.351792,0.840994
0.352704,0.732024
0.35315,0.010343
0.353697,0.986408
0.354799,0.981314
0.355168,0.0878469
0.356356,0.829158
0.356502,0.720855
0.35716,0.451136
0.357742,0.0854499
0.357947,0.971683
0.358213,0.837158
0.358684,0.00948072
0.358901,0.836758
0.359079,0.381438
0.359252,0.932367
0.359294,0.63264
0.359371,0.869361
0.360364,0.835546
0.361335,0.929563
0.361886,0.971237
0.36191,0.818435
0.361941,0.0901736
0.362083,0.0161777
0.362122,0.537795
0.363128,0.422609
0.363332,0.967206
0.364707,0.965574
0.365443,0.0260052
0.367274,0.219898
0.367357,0.128205
0.367453,0.920321
0.367523,0.556357
0.367587,0.535805
0.368192,0.933219
0.368308,0.410778
0.369181,0.90686
0.369413,0.757135
0.369532,0.889841
0.370298,0.00615968
0.370516,0.426862
0.370658,0.945715
0.370724,0.652116
0.371935,0.0224851
0.372393,0.950519
0.37348,0.961558
0.373782,0.988082
0.375765,0.64198
0.376249,0.939452
0.376917,0.996568
0.377408,0.176564
0.377812,0.893482
0.378155,0.935949
0.378966,0.627917
0.379148,0.267067
0.379161,0.16914
0.379322,0.044489
0.379371,0.0175934
0.379477,0.986803
0.379632,0.310493
0.37976,0.409075
0.379842,0.955276
0.380159,0.249153
0.380191,0.918978
0.380206,0.833426
0.380385,0.987423
0.38126,0.0621
0.381286,0.777712
0.381363,0.499027
0.381367,0.913164
0.38165,0.992335
0.382239,0.627654
0.383221,0.207878
0.383602,0.407331
0.38557,0.84163
0.385687,0.633509
0.386205,0.991413
0.38638,0.0856218
0.387235,0.61161
0.387493,0.395421
0.387521,0.378988
0.387598,0.0607401
0.387703,0.0536831
0.388251,0.974852
0.38921,0.20563
0.389484,0.426151
0.389547,0.48393
0.390586,0.993165
0.390641,0.00383782
0.390829,0.411228
0.391497,0.121558
0.391665,0.966552
0.39228,0.367941
0.392299,0.758472
0.392479,0.868436
0.392774,0.00482338
0.393143,0.0123498
0.393378,0.975302
0.394259,0.987186
0.396319,0.52645
0.396972,0.40705
0.397103,0.547255
0.397568,0.821676
0.397707,0.994777
0.397911,0.204809
0.398271,0.110566
0.400542,0.216525
0.401054,0.340862
0.401086,0.144168
0.401243,0.0226155
0.402166,0.738535
0.403577,0.0116498
0.403773,0.0101741
0.40461,0.738252
0.404913,0.331877
0.405395,0.518996
0.40585,0.890786
0.406254,0.388046
0.406522,0.0103661
0.406564,0.466913
0.408256,0.00829781
0.408577,0.323351
0.410163,0.990893
0.410326,0.203452
0.410389,0.421721
0.410615,0.0102487
0.410812,0.104361
0.41218,0.647811
0.412394,0.412271
0.41265,0.386894
0.413247,0.775756
0.413892,0.401191
0.414337,0.884355
0.414935,0.376665
0.415431,0.951904
0.416924,0.753756
0.416973,0.964073
0.416989,0.268723
0.417871,0.319316
0.418054,0.0701596
0.418518,0.104081
0.418624,0.136161
0.418849,0.0813548
0.419736,0.993894
0.420762,0.797673
0.42086,0.0207349
0.4211,0.629199
0.421376,0.9704
0.422199,0.961973
0.422397,0.364909
0.423131,0.30082
0.425111,0.135751
0.425183,0.96398
0.427009,0.625098
0.428379,0.488855
0.428501,0.298797
0.428861,0.394782
0.428983,0.552267
0.428991,0.77544
0.429153,0.549027
0.42959,0.983525
0.429754,0.0967399
0.429821,0.316868
0.430385,0.0195746
0.431777,0.00739936
0.43252,0.676473
0.432575,0.875708
0.43304,0.928585
0.433123,0.150442
0.43319,0.970122
0.433809,0.00732423
0.43393,0.830035
0.435281,0.873597
0.435315,0.983659
0.435429,0.995327
0.435904,0.762134
0.436596,0.299283
0.436934,0.0141539
0.437916,0.797602
0.438505,0.821699
0.438744,0.108263
0.439831,0.171099
0.439992,0.923443
0.440059,0.90208
0.44064,0.675525
0.440965,0.752952
0.44125,0.619523
0.441327,0.100342
0.441419,0.891038
0.441675,0.609183
0.442614,0.707149
0.443598,0.0642917
0.444335,0.789464
0.444595,0.819268
0.4446,0.481079
0.445459,0.974097
0.445542,0.0389163
0.446019,0.394725
0.44628,0.576348
0.447281,0.607822
0.448126,0.712766
0.4482,0.934007
0.450173,0.948633
0.45021,0.270018
0.450421,0.339271
0.450582,0.704777
0.451136,0.0879024
0.451819,0.953136
0.452743,0.289458
0.45308,0.877662
0.453451,0.973775
0.453766,0.0871069
0.455479,0.0784431
0.455573,0.926804
0.456101,0.391025
0.457282,0.596454
0.45776,0.38674
0.45812,0.913574
0.458222,0.240113
0.458275,0.0764982
0.458839,0.00957039
0.458964,0.931954
0.461057,0.546073
0.462092,0.749908
0.462326,0.90116
0.462667,0.696134
0.464132,0.629779
0.464602,0.0992589
0.464663,0.969826
0.464751,0.0174943
0.464849,0.895362
0.464947,0.493512
0.464964,0.237044
0.466561,0.374689
0.466827,0.486322
0.46697,0.330706
0.467327,0.330831
0.467978,0.871015
0.468022,0.541163
0.468024,0.78725
0.468168,0.946108
0.468527,0.785224
0.46888,0.682425
0.469032,0.0773632
0.469395,0.460877
0.469757,0.925231
0.469865,0.617875
0.470041,0.875319
0.471633,0.0020328
0.471697,0.650549
0.471914,0.246337
0.473374,0.316571
0.473583,0.997202
0.47414,0.0168052
0.474232,0.0491656
0.474429,0.952071
0.474489,0.127656
0.474832,0.0981286
0.475422,0.996217
0.475692,0.588896
0.476921,0.960273
0.477011,0.649642
0.477961,0.451581
0.478768,0.0720067
0.479129,0.933941
0.479214,0.829502
0.479995,0.822587
0.481433,0.325813
0.481881,0.581064
0.482485,0.0128352
0.482492,0.792728
0.482813,0.13152
0.483141,0.130492
0.483276,0.953048
0.48366,0.998565
0.483767,0.00501732
0.483921,0.859206
0.48401,0.789878
0.484225,0.711174
0.485253,0.271056
0.485604,0.0666439
0.486877,0.967489
0.48697,0.0623937
0.487131,0.483543
0.487327,0.744235
0.487452,0.510422
0.487993,0.98446
0.488477,0.817158
0.488618,0.418085
0.490013,0.542417
0.490791,0.219426
0.491712,0.856467
0.492092,0.726273
0.492262,0.318824
0.492581,0.0138179
0.492821,0.84498
0.494218,0.161453
0.496695,0.883556
0.496858,0.6986
0.497074,0.502578
0.4975,0.478681
0.497712,0.449682
0.498144,0.950794
0.498147,0.818025
0.498643,0.234164
0.499346,0.988667
0.499376,0.64787
0.499443,0.986197
0.499785,0.0312396
0.500617,0.03038
0.500894,0.921298
0.501453,0.814042
0.501501,0.999331
0.501573,0.00956709
0.502327,0.911799
0.502846,0.230125
0.502885,0.90379
0.503985,0.646043
0.504376,0.0562522
0.50449,0.463772
0.505411,0.956541
0.506828,0.459154
0.507968,0.253382
0.508781,0.639609
0.509223,0.542343
0.509926,0.980619
0.51201,0.0762689
0.512564,0.99044
0.512928,0.0254896
0.513129,0.900775
0.51386,0.639592
0.514281,0.947531
0.514533,0.394881
0.514696,0.230024
0.514853,0.0232206
0.515959,0.750288
0.517401,0.369517
0.517857,0.0871449
0.518768,0.108149
0.519357,0.290162
0.519364,0.000415473
0.520285,0.334712
0.520676,0.83782
0.52082,0.44397
0.522387,0.328881
0.522624,0.883475
0.52275,0.435158
0.522865,0.795378
0.523649,0.985914
0.524729,0.980456
0.525982,0.330272
0.526018,0.713234
0.52628,0.792177
0.526394,0.0516076
0.527556,0.999207
0.52761,0.00428663
0.527765,0.930508
0.528082,0.204106
0.528142,0.0177157
0.52889,0.0860733
0.528931,0.244526
0.528931,0.873512
0.529137,0.197461
0.529293,0.316431
0.529954,0.882785
0.53056,0.877348
0.530616,0.271481
0.531147,0.710027
0.53162,0.736522
0.531918,0.123487
0.531956,0.449021
0.532908,0.0456225
0.533401,0.952693
0.533996,0.0984385
0.534904,0.446055
0.535359,0.196269
0.535545,0.716603
0.536575,0.391723
0.536788,0.930288
0.536831,0.939642
0.537602,0.016403
0.537826,0.98796
0.537942,0.988255
0.539039,0.710631
0.53966,0.22211
0.540388,0.788898
0.540409,0.600809
0.541303,0.0463611
0.541374,0.440857
0.541458,0.710224
0.542281,0.706775
0.542529,0.00524935
0.543686,0.474966
0.543902,0.688327
0.544339,0.221325
0.544967,0.315918
0.545363,0.344564
0.546582,0.592244
0.547098,0.0180996
0.547115,0.0735101
0.547151,0.114213
0.547661,0.534625
0.547702,0.484708
0.548316,0.639392
0.548502,0.870592
0.548606,0.695963
0.548948,0.467246
0.549364,0.855356
0.549729,0.341936
0.550434,0.585178
0.550691,0.0828745
0.550832,0.86984
0.551069,0.0249645
0.551388,0.994221
0.551504,0.172088
0.551739,0.995763
0.552046,0.243417
0.552057,0.573505
0.552365,0.808231
0.55237,0.0201153
0.552953,0.932007
0.55306,0.00158176
0.553117,0.927721
0.553236,0.684335
0.553504,0.784586
0.553868,0.22974
0.554455,0.293982
0.554537,0.21666
0.555114,0.869752
0.555204,0.956276
0.556933,0.88072
0.557322,0.628211
0.557425,0.0463368
0.558778,0.693824
0.558845,0.568339
0.559918,0.533636
0.560516,0.936113
0.561483,0.00448265
0.561913,0.483398
0.561929,0.779859
0.562207,0.457777
0.562314,0.531972
0.562954,0.0383857
0.563012,0.486932
0.563044,0.90721
0.563087,0.5487
0.56346,0.699136
0.564166,0.991386
0.564418,0.338204
0.564995,0.0401134
0.565108,0.972149
0.566129,0.529358
0.566486,0.285919
0.568365,0.268874
0.568416,0.962381
0.568962,0.475711
0.569107,0.364111
0.569567,0.0334779
0.569808,0.805886
0.570324,0.977106
0.572692,0.0373379
0.573363,0.978339
0.573723,0.0215617
0.573822,0.255931
0.57469,0.520881
0.575017,0.876996
0.57539,0.98388
0.576776,0.446915
0.577139,0.316994
0.577288,0.967977
0.577836,0.466047
0.577919,0.576399
0.578028,0.144441
0.578059,0.281509
0.579118,0.79062
0.579696,0.361082
0.579856,0.45751
0.580814,0.902846
0.581058,0.934224
0.581188,0.433976
0.581219,0.138253
0.581548,0.208455
0.581683,0.86779
0.582087,0.208277
0.582113,0.0674094
0.582114,0.717393
0.582268,0.136782
0.583159,0.207728
0.58472,0.55848
0.584809,0.210501
0.585551,0.31333
0.586326,0.30436
0.586554,0.882408
0.587204,0.0160317
0.588513,0.649226
0.588992,0.920529
0.589407,0.989652
0.589433,0.61307
0.589727,0.485024
0.589762,0.773889
0.5904,0.851159
0.590455,0.494375
0.591545,0.0341605
0.591582,0.279933
0.591772,0.432744
0.59243,0.359255
0.592724,0.186643
0.594036,0.608682
0.594108,0.892612
0.594452,0.478021
0.59504,0.249748
0.595511,0.734752
0.596172,0.0920907
0.596462,0.0909097
0.597316,0.918493
0.597583,0.96107
0.598694,0.426817
0.598967,0.771892
0.599559,0.872886
0.599958,0.186395
0.600399,0.512966
0.600479,0.0143792
0.600976,0.688837
0.601101,0.0237134
0.602133,0.348435
0.602292,0.726327
0.602759,0.176295
0.603591,0.762655
0.603801,0.447281
0.604026,0.242582
0.604069,0.22312
0.604861,0.205538
0.605203,0.0133578
0.605748,0.574559
0.605774,0.768942
0.605794,0.346826
0.606407,0.205101
0.607396,0.222845
0.608193,0.463639
0.60838,0.710643
0.608848,0.0497659
0.609498,0.0132533
0.60981,0.491351
0.610495,0.173258
0.611147,0.872127
0.612179,0.960342
0.612235,0.306158
0.612771,0.298416
0.612791,0.633055
0.61302,0.278708
0.613249,0.211773
0.614724,0.20368
0.615053,0.178522
0.615104,0.488784
0.615561,0.424053
0.615661,0.362088
0.616029,0.0782703
0.61623,0.622187
0.616689,0.91287
0.616756,0.170739
0.617192,0.594605
0.617276,0.941594
0.617447,0.558195
0.617471,0.585241
0.617793,0.0491462
0.618143,0.550312
0.618433,0.761717
0.618575,0.322153
0.61878,0.302157
0.619148,0.196775
0.619209,0.844396
0.619244,0.84802
0.619359,0.644459
0.619449,0.135703
0.619488,0.0870371
0.619635,0.908481
0.619736,0.0572556
0.620006,0.241442
0.620343,0.972914
0.620912,0.988471
0.621636,0.0632388
0.621682,0.758558
0.621727,0.160388
0.621813,0.84573
0.621833,0.354804
0.622357,0.86724
0.622586,0.277724
0.622982,0.294044
0.624004,0.460324
0.624051,0.0562906
0.624113,0.987638
0.624165,0.175891
0.624181,0.209132
0.624375,0.425737
0.624437,0.269257
0.624768,0.934963
0.624867,0.439208
0.624987,0.165031
0.624997,0.266775
0.625077,0.207104
0.625544,0.262205
0.625789,0.201049
0.625985,0.815271
0.626522,0.64196
0.626652,0.633997
0.627022,0.737709
0.627152,0.168268
0.627311,0.85721
0.627461,0.716265
0.627466,0.190995
0.627744,0.434613
0.627754,0.0614709
0.627766,0.0310929
0.62797,0.0698218
0.628173,0.258394
0.628811,0.0861025
0.629951,0.165877
0.630294,0.7156
0.630859,0.754918
0.630931,0.932716
0.631156,0.37524
0.63174,0.729785
0.631756,0.0537771
0.631902,0.800669
0.631938,0.402553
0.632836,0.101129
0.632837,0.2071
0.633233,0.939015
0.633488,0.0378695
0.63406,0.389944
0.634292,0.177621
0.634931,0.0433846
0.635161,0.57175
0.636043,0.197839
0.63695,0.0289034
0.637401,0.602351
0.637403,0.068476
0.637822,0.0684071
0.637955,0.285715
0.638004,0.436691
0.638014,0.496818
0.6385,0.821699
0.639489,0.899286
0.639546,0.0482221
0.640651,0.0319761
0.640687,0.0963538
0.640746,0.987627
0.640938,0.230771
0.641037,0.0746164
0.641162,0.364502
0.641403,0.263848
0.64163,0.97525
0.642051,0.0717643
0.64228,0.0918906
0.642343,0.598417
0.642479,0.206454
0.642534,0.379771
0.642879,0.333803
0.643083,0.782345
0.643138,0.113723
0.643287,0.704097
0.643825,0.106534
0.644134,0.202249
0.644456,0.408709
0.644616,0.992176
0.64474,0.379488
0.645656,0.001672
0.645961,0.816656
0.646063,0.187621
0.64712,0.930855
0.647264,0.912954
0.647739,0.873327
0.647747,0.369095
0.648082,0.972153
0.648357,0.495354
0.648392,0.245181
0.64853,0.722573
0.64863,0.332421
0.648687,0.31742
0.649141,0.260923
0.649185,0.0135615
0.649202,0.926462
0.649264,0.847841
0.649537,0.237771
0.649662,0.156
0.649701,0.869195
0.649753,0.359215
0.651463,0.281455
0.651529,0.984316
0.652218,0.906142
0.652318,0.838562
0.652497,0.0366553
0.653153,0.025341
0.65363,0.269132
0.654404,0.0648205
0.65534,0.383041
0.655608,0.194883
0.655998,0.533652
0.65638,0.166729
0.656704,0.700679
0.656926,0.653162
0.656988,0.982395
0.657409,0.925609
0.658028,0.296604
0.658123,0.0229962
0.658198,0.591625
0.658385,0.340115
0.659487,0.267949
0.661167,0.294604
0.661207,0.434334
0.661984,0.442503
0.66296,0.802138
0.663135,0.94811
0.663329,0.426296
0.665399,0.377465
0.665548,0.781364
0.666644,0.190414
0.666745,0.86919
0.667171,0.891636
0.667754,0.0097995
0.667944,0.141107
0.668542,0.806349
0.668853,0.519273
0.668908,0.233459
0.669662,0.740752
0.670285,0.484297
0.670334,0.0642295
0.671215,0.352585
0.672268,0.409621
0.672655,0.125044
0.672665,0.866105
0.67339,0.184053
0.674016,0.398899
0.674663,0.557241
0.674795,0.974131
0.675123,0.785723
0.675287,0.287478
0.675535,0.113637
0.675618,0.542807
0.675658,0.780142
0.675742,0.23785
0.675765,0.661052
0.676392,0.716078
0.676441,0.806093
0.676843,0.849963
0.676941,0.200054
0.67767,0.376496
0.677992,0.803508
0.678152,0.0905606
0.678491,0.955594
0.678784,0.543015
0.679432,0.769846
0.679504,0.256677
0.679822,0.0362844
0.679845,0.412986
0.681051,0.058241
0.681127,0.953672
0.681459,0.474401
0.681476,0.921715
0.681859,0.0294974
0.681984,0.360006
0.68201,0.256465
0.68212,0.359047
0.682332,0.445709
0.682447,0.13765
0.683075,0.69415
0.683107,0.452563
0.683508,0.530783
0.68394,0.0745162
0.684382,0.801526
0.68439,0.617215
0.684429,0.0993622
0.684699,0.00229991
0.685386,0.117621
0.687447,0.219495
0.687883,0.354547
0.688506,0.539945
0.688583,0.42572
0.689474,0.218357
0.689688,0.346126
0.690283,0.000401878
0.690598,0.964119
0.690881,0.0475189
0.690925,0.636665
0.690979,0.955468
0.691031,0.192205
0.692015,0.413498
0.6921,0.612795
0.692511,0.0461159
0.693347,0.049465
0.694078,0.513279
0.694779,0.272103
0.694796,0.199086
0.694943,0.00427036
0.695512,0.0931946
0.696071,0.687898
0.696674,0.783203
0.697196,0.469343
0.697366,0.101255
0.697533,0.617428
0.69789,0.196971
0.697915,0.344631
0.69878,0.0723875
0.699054,0.244915
0.699227,0.022355
0.701376,0.406071
0.701616,0.5673
0.702417,0.941155
0.70342,0.860323
0.704303,0.681302
0.705247,0.0963725
0.705365,0.0272686
0.705742,0.241111
0.70607,0.719927
0.706364,0.0673179
0.706609,0.156741
0.706673,0.560028
0.706686,0.239088
0.706693,0.400262
0.706809,0.384513
0.707072,0.0437306
0.707122,0.673094
0.707262,0.0961011
0.707497,0.102718
0.707981,0.159378
0.708044,0.155223
0.708601,0.612471
0.708641,0.442599
0.708874,0.410251
0.709093,0.322002
0.709596,0.441032
0.710225,0.212413
0.710974,0.975648
0.711394,0.402238
0.71152,0.29544
0.711648,0.318309
0.712839,0.541613
0.713044,0.670857
0.71307,0.0924934
0.713574,0.952285
0.713914,0.517754
0.714002,0.966906
0.714013,0.0857583
0.714104,0.952031
0.71447,0.437194
0.716676,0.0358721
0.717745,0.755047
0.717772,0.951833
0.717807,0.906707
0.717821,0.102297
0.718314,0.992009
0.718723,0.903858
0.718783,0.557795
0.718863,0.283903
0.71917,0.993656
0.719284,0.54358
0.719772,0.148666
0.720615,0.759005
0.721157,0.361612
0.721475,0.289567
0.721482,0.449436
0.721633,0.0596373
0.72209,0.179083
0.722643,0.605099
0.722939,0.0441884
0.723047,0.429801
0.723377,0.195311
0.724593,0.0514369
0.724703,0.248796
0.725375,0.0673765
0.725663,0.891451
0.725905,0.991711
0.726209,0.869293
0.726639,0.59885
0.727909,0.159767
0.728092,0.515113
0.728399,0.590132
0.728482,0.00955626
0.728801,0.858419
0.728817,0.0647128
0.72888,0.023555
0.729279,0.0714567
0.73014,0.0875353
0.730413,0.584148
0.730873,0.13351
0.731019,0.979159
0.731061,0.170068
0.731383,0.583943
0.731492,0.104161
0.731522,0.332129
0.73163,0.958427
0.732122,0.725157
0.732141,0.142419
0.732168,0.0581409
0.732786,0.0768001
0.733165,0.0953087
0.734442,0.582052
0.734928,0.138931
0.735564,0.0519871
0.736261,0.241295
0.736858,0.829834
0.737574,0.0099291
0.737688,0.974318
0.73832,0.269251
0.738865,0.17349
0.739038,0.0612446
0.739452,0.158133
0.740357,0.849742
0.740437,0.147393
0.740612,0.365585
0.741152,0.00608782
0.741484,0.580659
0.741813,0.0222482
0.74182,0.143122
0.742356,0.00953174
0.742726,0.167291
0.742836,0.200168
0.742971,0.823138
0.74347,0.802184
0.744555,0.0406129
0.744584,0.0727516
0.744709,0.666189
0.745488,0.0963011
0.746281,0.0911126
0.747429,0.628811
0.747484,0.296176
0.747704,0.0881221
0.748473,0.820152
0.749637,0.814247
0.750669,0.287676
0.752527,0.990256
0.752982,0.0108152
0.753034,0.264036
0.753184,0.0499141
0.753322,0.684363
0.75361,0.159734
0.75411,0.761711
0.754845,0.31953
0.755539,0.422718
0.755583,0.413483
0.756519,0.0747273
0.756529,0.146912
0.756549,0.125561
0.757121,0.973338
0.757525,0.997512
0.757726,0.0684576
0.758171,0.91516
0.758252,0.0900415
0.758473,0.482848
0.759678,0.473005
0.759743,0.465124
0.759996,0.0174105
0.760254,0.755686
0.760485,0.91358
0.761325,0.0139563
0.761758,0.0646535
0.761843,0.749839
0.762122,0.43259
0.762715,0.349974
0.762823,0.280873
0.763033,0.746416
0.763084,0.0253568
0.763107,0.706123
0.76325,0.72954
0.763452,0.0490602
0.763516,0.0534868
0.76441,0.239437
0.765555,0.13351
0.766244,0.99837
0.766896,0.27389
0.7673,0.627805
0.7674,0.984108
0.767472,0.508948
0.767588,0.40871
0.767607,0.573841
0.768261,0.391398
0.768687,0.792459
0.769062,0.742107
0.769502,0.165877
0.769821,0.47946
0.770164,0.317129
0.77078,0.315103
0.770792,0.0250422
0.7714,0.115753
0.771599,0.384457
0.772047,0.123486
0.773068,0.310654
0.773217,0.262999
0.77358,0.143942
0.773819,0.381867
0.774433,0.95038
0.774595,0.0293393
0.774955,0.946224
0.7756,0.202519
0.778581,0.9781
0.778674,0.473054
0.779962,0.926368
0.780163,0.380391
0.780489,0.915089
0.780635,0.0292897
0.78072,0.236596
0.780844,0.0614916
0.781386,0.787625
0.781387,0.299613
0.781419,0.00461368
0.782056,0.261594
0.783242,0.499883
0.783555,0.189941
0.784321,0.228106
0.784738,0.421589
0.784833,0.108484
0.785929,0.221207
0.787552,0.379782
0.787822,0.3393
0.787975,0.97019
0.788488,0.678164
0.788882,0.185136
0.789138,0.311784
0.789172,0.142441
0.791427,0.90224
0.791743,0.652377
0.792286,0.165101
0.792949,0.477521
0.793131,0.122249
0.793549,0.911245
0.793885,0.431829
0.794092,0.938859
0.794845,0.967334
0.794898,0.873758
0.794966,0.256693
0.795237,0.0361512
0.796345,0.932531
0.796481,0.0439558
0.796928,0.0160216
0.797034,0.0479477
0.797068,0.0379047
0.797112,0.130667
0.798029,0.351335
0.798568,0.16093
0.798804,0.997011
0.799188,0.454981
0.799306,0.922485
0.799508,0.735353
0.799643,0.325437
0.800187,0.920978
0.800273,0.0513615
0.80053,0.028322
0.801441,0.61549
0.802346,0.036415
0.802767,0.781211
0.803948,0.429984
0.804205,0.470628
0.80489,0.612444
0.80535,0.596674
0.805908,0.25903
0.806138,0.868922
0.806259,0.211634
0.806291,0.725266
0.806811,0.00736531
0.807971,0.287231
0.807992,0.0379344
0.808017,0.00658556
0.80866,0.0819648
0.808664,0.450056
0.809226,0.239179
0.809291,0.465171
0.810421,0.0601574
0.810494,0.0635184
0.810892,0.904893
0.811574,0.623515
0.81169,0.231916
0.811691,0.12933
0.812186,0.22363
0.812332,0.798416
0.81289,0.21811
0.813591,0.00179756
0.814238,0.121553
0.814338,0.658879
0.814358,0.243953
0.814557,0.27634
0.814888,0.945523
0.815807,0.532767
0.816456,0.559449
0.81681,0.117659
0.816843,0.236211
0.816873,0.536911
0.81701,0.311897
0.817147,0.0474362
0.817296,0.535738
0.817627,0.221687
0.818261,0.175581
0.818798,0.0392188
0.818861,0.0863203
0.819176,0.109452
0.81945,0.309629
0.819924,0.644712
0.822067,0.429622
0.822291,0.0985107
0.822307,0.281045
0.822679,0.486114
0.823078,0.142923
0.823173,0.0270346
0.82324,0.868095
0.823967,0.0798646
0.824709,0.146653
0.824788,0.258468
0.824847,0.0644782
0.825198,0.0641207
0.825446,0.191226
0.826513,0.610344
0.826558,0.844731
0.826773,0.346465
0.827378,0.336261
0.827482,0.118994
0.828134,0.0234887
0.829426,0.167735
0.830316,0.910378
0.832488,0.532637
0.832796,0.00920472
0.834198,0.60969
0.83448,0.218089
0.834771,0.112438
0.834848,0.396324
0.835214,0.991448
0.835365,0.446612
0.835778,0.0861973
0.835828,0.0962395
0.836355,0.101851
0.837287,0.584968
0.837457,0.931785
0.838376,0.573585
0.838429,0.387116
0.838667,0.261285
0.839172,0.0977842
0.839855,0.509894
0.840058,0.437021
0.840188,0.903832
0.840576,0.717788
0.841174,0.865855
0.841226,0.479385
0.841812,0.451391
0.842077,0.0575337
0.842241,0.0287179
0.842875,0.42262
0.84314,0.845027
0.84439,0.12347
0.845116,0.479153
0.845123,0.31886
0.845191,0.14539
0.845312,0.554824
0.845764,0.995972
0.845972,0.489507
0.845988,0.318699
0.846556,0.0686829
0.847225,0.529441
0.84829,0.606048
0.848644,0.0263439
0.84879,0.411946
0.848951,0.402327
0.849066,0.987315
0.849654,0.103579
0.849771,0.511479
0.850082,0.0836898
0.850265,0.0372095
0.850576,0.977513
0.851192,0.143967
0.85213,0.291945
0.85291,0.488765
0.853,0.480193
0.853328,0.543097
0.853393,0.161538
0.854072,0.972806
0.855592,0.573364
0.855904,0.359272
0.856479,0.0192172
0.85677,0.252501
0.857103,0.700326
0.857195,0.357436
0.857347,0.224365
0.857794,0.898185
0.857821,0.37235
0.857876,0.104764
0.858191,0.476374
0.85832,0.825074
0.8592,0.818232
0.860923,0.698874
0.860933,0.00845284
0.861382,0.16099
0.861402,0.111534
0.861681,0.244469
0.861845,0.469941
0.862118,0.337963
0.862312,0.0445532
0.862385,0.26648
0.863631,0.634521
0.863909,0.315367
0.863921,0.366075
0.864075,0.294576
0.864614,0.256496
0.864974,0.925485
0.865047,0.0249
0.865365,0.529143
0.86581,0.815181
0.865838,0.0635234
0.866107,0.141754
0.86637,0.0581483
0.866557,0.0352051
0.867249,0.251359
0.86728,0.92355
0.867363,0.170367
0.867672,0.553276
0.868244,0.98594
0.869222,0.583627
0.869418,0.894367
0.869674,0.456513
0.869674,0.579802
0.869938,0.142268
0.870387,0.0664219
0.871098,0.161896
0.871381,0.0857238
0.872915,0.347754
0.873046,0.102636
0.873101,0.330357
0.873257,0.397312
0.873595,0.536725
0.8737,0.214388
0.873781,0.463471
0.873815,0.135893
0.873893,0.337511
0.874217,0.389491
0.87422,0.56629
0.875528,0.545641
0.8757,0.00183758
0.875995,0.26555
0.87612,0.0500085
0.876229,0.311525
0.876361,0.171018
0.87654,0.0272483
0.876541,0.652334
0.876834,0.945826
0.877176,0.220192
0.877806,0.139498
0.877885,0.457407
0.877903,0.091423
0.878189,0.222943
0.878393,0.161747
0.87854,0.146816
0.879018,0.982377
0.879542,0.0430844
0.879995,0.979781
0.880062,0.993977
0.880104,0.0448468
0.880679,0.0386899
0.881027,0.384733
0.881193,0.0589914
0.881211,0.0605086
0.881599,0.374644
0.882212,0.256578
0.88309,0.177868
0.883499,0.519618
0.883557,0.509831
0.883557,0.743361
0.883587,0.533275
0.884603,0.27263
0.884648,0.199902
0.885162,0.0740636
0.885225,0.225507
0.885507,0.0236242
0.885681,0.237335
0.886709,0.0307925
0.886815,0.307796
0.887019,0.848134
0.887024,0.222015
0.887854,0.108566
0.888413,0.73418
0.888529,0.541922
0.889191,0.165495
0.889941,0.709053
0.890082,0.0824951
0.89014,0.0591861
0.890178,0.104002
0.890986,0.319708
0.891216,0.369559
0.891794,0.198201
0.892324,0.102935
0.892355,0.14093
0.892666,0.139799
0.892751,0.12624
0.892948,0.651854
0.8934,0.134284
0.894137,0.0324912
0.894568,0.0791678
0.894848,0.27554
0.895285,0.0549812
0.895496,0.369406
0.896,0.530757
0.896027,0.195393
0.896236,0.969239
0.896462,0.365512
0.897061,0.163069
0.897149,0.3271
0.897516,0.926685
0.897709,0.0561638
0.898097,0.123001
0.898501,0.0759489
0.89891,0.0131324
0.899143,0.707685
0.899201,0.104427
0.900133,0.168259
0.900771,0.391612
0.900824,0.0289537
0.900828,0.325431
0.901227,0.30321
0.901564,0.0496449
0.902059,0.346115
0.902146,0.0256613
0.902158,0.271285
0.902514,0.0849998
0.903199,0.42038
0.903269,0.264701
0.903511,0.771359
0.903774,0.161375
0.904001,0.503693
0.90481,0.216617
0.90492,0.494679
0.905257,0.844998
0.905808,0.151527
0.906061,0.506259
0.906149,0.470512
0.906161,0.0669371
0.906206,0.370905
0.906717,0.547983
0.90679,0.683605
0.906998,0.0692979
0.907261,0.358032
0.907638,0.341607
0.908249,0.222122
0.908735,0.545499
0.908826,0.960283
0.909784,0.504613
0.909934,0.376804
0.91002,0.150379
0.910251,0.0379815
0.910374,0.26964
0.91079,0.614003
0.911595,0.152494
0.911891,0.107851
0.911979,0.0830607
0.912362,0.270574
0.912641,0.604323
0.912946,0.495199
0.913061,0.0761228
0.91367,0.992913
0.913876,0.176523
0.914897,0.803423
0.914961,0.978664
0.914988,0.789452
0.915065,0.360228
0.91516,0.349302
0.915307,0.16767
0.915411,0.555174
0.916088,0.245714
0.916467,0.337215
0.917196,0.190443
0.917299,0.516408
0.917519,0.346041
0.917685,0.210164
0.918474,0.475727
0.91924,0.422315
0.919839,0.0474502
0.919976,0.504311
0.920488,0.111477
0.920549,0.54145
0.920621,0.150428
0.920753,0.481918
0.921246,0.0452164
0.921288,0.174484
0.921778,0.648687
0.921812,0.0914462
0.92228,0.306932
0.922546,0.455126
0.922571,0.573316
0.92283,0.570131
0.923465,0.142659
0.92349,0.282012
0.923856,0.21535
0.92386,0.535003
0.92393,0.213577
0.92429,0.230635
0.924972,0.552014
0.925203,0.607468
0.925262,0.146983
0.926161,0.540565
0.926512,0.192379
0.926809,0.497995
0.926948,0.593494
0.927102,0.145537
0.927403,0.222834
0.92753,0.590542
0.927821,0.191268
0.928034,0.169174
0.928404,0.347736
0.928762,0.226912
0.928933,0.128667
0.92907,0.734672
0.92917,0.497449
0.929201,0.0837402
0.92925,0.493248
0.929611,0.0336629
0.929659,0.0544593
0.930051,0.111451
0.930171,0.69621
0.930346,0.164529
0.930466,0.493625
0.930833,0.226731
0.931144,0.163842
0.931267,0.558743
0.931375,0.259319
0.93207,0.31225
0.932327,0.764528
0.932367,0.115932
0.932582,0.579709
0.93263,0.448504
0.932809,0.391405
0.933536,0.0881787
0.933639,0.556516
0.933668,0.125626
0.933745,0.0867238
0.934084,0.171603
0.934625,0.244929
0.934873,0.309255
0.934934,0.51553
0.935007,0.161227
0.935118,0.465722
0.935619,0.434729
0.935761,0.498991
0.935772,0.113739
0.935856,0.0942611
0.935924,0.244373
0.936397,0.106776
0.936873,0.347503
0.937252,0.689019
0.937527,0.159584
0.937752,0.418934
0.938127,0.235046
0.938209,0.378068
0.938263,0.0967839
0.93889,0.284199
0.93936,0.396157
0.939506,0.839389
0.939677,0.288766
0.939996,0.1449
0.940067,0.834411
0.940143,0.261831
0.940646,0.0607226
0.940712,0.552912
0.942304,0.112786
0.942423,0.23627
0.94259,0.810142
0.942751,0.269185
0.942771,0.151655
0.943374,0.511588
0.943965,0.956895
0.94399,0.474121
0.944053,0.800051
0.944421,0.327969
0.944447,0.241851
0.944576,0.480451
0.944592,0.287124
0.944784,0.954783
0.944807,0.479707
0.944811,0.332461
0.944857,0.266981
0.945041,0.407197
0.945791,0.382439
0.946089,0.307403
0.947122,0.251937
0.948033,0.705273
0.948038,0.0542722
0.948093,0.776244
0.948183,0.0422803
0.948254,0.323449
0.948304,0.417484
0.948522,0.0404378
0.948717,0.12265
0.949242,0.159069
0.949512,0.197511
0.949881,0.38703
0.950031,0.0643066
0.950689,0.0426343
0.950699,0.565343
0.951009,0.223771
0.951052,0.853572
0.951215,0.0750187
0.951318,0.738904
0.951643,0.367418
0.951751,0.675315
0.951889,0.507802
0.95227,0.312724
0.952642,0.47553
0.953149,0.0833826
0.95422,0.207969
0.954935,0.164292
0.954937,0.106638
0.95603,0.168825
0.956041,0.26912
0.956883,0.156498
0.957082,0.780434
0.957521,0.0865625
0.957591,0.253176
0.957679,0.353767
0.957696,0.341602
0.958025,0.2741
0.958414,0.0263957
0.958481,0.42703
0.95851,0.769515
0.959606,0.936264
0.960306,0.405627
0.960484,0.372691
0.960789,0.419885
0.961336,0.411105
0.961822,0.0579333
0.962505,0.601096
0.962914,0.571006
0.963173,0.0642526
0.963785,0.652378
0.965331,0.350392
0.965415,0.273761
0.96545,0.191049
0.965681,0.114964
0.966175,0.200923
0.96648,0.0925022
0.966501,0.0603367
0.966624,0.207708
0.967128,0.926636
0.96771,0.50778
0.969274,0.826299
0.969466,0.440435
0.970551,0.298533
0.970613,0.746804
0.970671,0.259359
0.970737,0.169987
0.970782,0.640259
0.970847,0.153387
0.971068,0.405189
0.971073,0.599722
0.971101,0.643506
0.97115,0.424174
0.971263,0.55055
0.971378,0.0871821
0.971488,0.199724
0.971593,0.576918
0.972071,0.709361
0.972272,0.280657
0.972894,0.699858
0.973142,0.72536
0.973369,0.19184
0.97344,0.527998
0.973473,0.711617
0.973758,0.670082
0.973816,0.292889
0.973984,0.0626113
0.974079,0.400913
0.974442,0.0250046
0.974631,0.220308
0.974665,0.163491
0.974928,0.840988
0.974957,0.0864549
0.975303,0.0287881
0.975721,0.19433
0.97698,0.159761
0.97714,0.549241
0.977332,0.702343
0.977432,0.374741
0.978229,0.806243
0.978774,0.662681
0.978932,0.506763
0.979497,0.377308
0.980092,0.00724604
0.9803,0.283219
0.980527,0.114749
0.980681,0.230131
0.980826,0.963511
0.981308,0.21271
0.982564,0.623554
0.982672,0.157563
0.9828,0.46795
0.983169,0.499584
0.983223,0.949392
0.983447,0.469049
0.983726,0.251491
0.984188,0.430963
0.984242,0.798201
0.984638,0.224055
0.985649,0.785937
0.985853,0.314185
0.98612,0.471176
0.98622,0.0900209
0.986485,0.162119
0.986814,0.389158
0.986963,0.348477
0.987434,0.627503
0.987779,0.279928
0.987825,0.357828
0.989222,0.200763
0.989321,0.700635
0.989481,0.0758719
0.989627,0.921292
0.990323,0.0123767
0.990414,0.157642
0.99044,0.203033
0.990531,0.502862
0.990627,0.165826
0.99068,0.302473
0.990693,0.155617
0.990815,0.352348
0.990977,0.828333
0.991643,0.775147
0.991984,0.132945
0.992138,0.699665
0.992204,0.487349
0.992229,0.54505
0.992582,0.209425
0.992701,0.0031745
0.99312,0.804405
0.993151,0.255846
0.993192,0.25364
0.993551,0.273044
0.994154,0.420369
0.994502,0.240323
0.994709,0.244374
0.994781,0.185654
0.994884,0.88988
0.994915,0.02168
0.995093,0.682515
0.995199,0.882374
0.995373,0.877258
0.995577,0.553544
0.995895,0.253367
0.996146,0.322409
0.99674,0.526514
0.996871,0.455001
0.997443,0.77388
0.997676,0.676249
0.997738,0.0207103
0.997783,0.538265
0.997872,0.465881
0.998059,0.341766
0.99807,0.054662
0.998164,0.310606
0.998178,0.294171
0.998326,0.512286
0.99845,0.606997
0.998503,0.246324
0.998669,0.42766
0.999216,0.0410582
0.999264,0.0161355
0.999336,0.239663
0.999637,0.00109164
0.999745,0.258118
0.999842,0.50862
0.999923,0.107921
0.999979,0.679597
